,SpectrumID,Compound_Name,Ion_Source,Instrument,Compound_Source,PI,Data_Collector,Adduct,Precursor_MZ,ExactMass,Charge,CAS_Number,Pubmed_ID,Smiles,INCHI,INCHI_AUX,Library_Class,IonMode,UpdateWorkflowName,LibraryQualityString,#Scan#,SpectrumFile,LibraryName,MQScore,Organism,TIC_Query,RT_Query,MZErrorPPM,SharedPeaks,MassDiff,LibMZ,SpecMZ,SpecCharge,FileScanUniqueID,NumberHits,tags,MoleculeExplorerDatasets,MoleculeExplorerFiles,InChIKey,InChIKey-Planar,superclass,class,subclass,npclassifier_superclass,npclassifier_class,npclassifier_pathway,clean_annot
31,CCMSLIB00005464838,"""(R)-4-((3S,5S,8R,9S,10S,12S,13R,14S,17R)-3,12-dihydroxy-10,13-dimethylhexadecahydro-1H-cyclopenta[a]phenanthren-17-yl)pentanoic acid""",ESI,qTof,crude,Dorrestein,Emily Gentry,2M+Na,807.575,392.293,1,,,C[C@@H]([C@H]1CC[C@]2([H])[C@]1(C)[C@@H](O)C[C@@]3([H])[C@@]2([H])CC[C@]4([H])[C@]3(C)CC[C@H](O)C4)CCC(O)=O,"""InChI=1S/C24H40O4/c1-14(4-9-22(27)28)18-7-8-19-17-6-5-15-12-16(25)10-11-23(15,2)20(17)13-21(26)24(18,19)3/h14-21,25-26H,4-13H2,1-3H3,(H,27,28)/t14-,15+,16+,17+,18-,19+,20+,21+,23+,24-/m1/s1""",,1,Positive,UPDATE-SINGLE-ANNOTATED-GOLD,Gold,7079,spectra_filtered/specs_ms.mgf,lib-00023.mgf,0.96903,BILELIB19,11833000.0,295.668,0.604627,4,0.000488281,807.575,807.575,1,spectra_filtered/specs_ms.mgf7079,1,,0,0,KXGVEGMKQFWNSR-UPSXFCICSA-N,KXGVEGMKQFWNSR,Lipids and lipid-like molecules,Steroids and steroid derivatives,"Bile acids, alcohols and derivatives",Steroids,Cholane steroids,Terpenoids,"""(R)-4-((3S,5S,8R,9S,10S,12S,13R,14S,17R)-3,12-dihydroxy-10,13-dimethylhexadecahydro-1H-cyclopenta[a]phenanthren-17-yl)pentanoic acid"""
46,CCMSLIB00005464801,"""(R)-4-((5S,8S,9S,10R,13R,14S,17R)-10,13-dimethyl-3,6-dioxohexadecahydro-1H-cyclopenta[a]phenanthren-17-yl)pentanoic acid""",ESI,qTof,crude,Dorrestein,Emily Gentry,2M+Na,799.512,388.26099999999997,1,,,C[C@@H]([C@H]1CC[C@]2([H])[C@]1(C)CC[C@@]3([H])[C@@]2([H])CC([C@]4([H])[C@]3(C)CCC(C4)=O)=O)CCC(O)=O,"""InChI=1S/C24H36O4/c1-14(4-7-22(27)28)17-5-6-18-16-13-21(26)20-12-15(25)8-10-24(20,3)19(16)9-11-23(17,18)2/h14,16-20H,4-13H2,1-3H3,(H,27,28)/t14-,16+,17-,18+,19+,20-,23-,24-/m1/s1""",,1,Positive,UPDATE-SINGLE-ANNOTATED-GOLD,Gold,8934,spectra_filtered/specs_ms.mgf,lib-00023.mgf,0.963306,BILELIB19,12269000.0,284.8540000000001,0.381703,4,0.000305176,799.512,799.512,1,spectra_filtered/specs_ms.mgf8934,1,,0,0,AWINBLVINXVKTE-DLKBGQMWSA-N,AWINBLVINXVKTE,Lipids and lipid-like molecules,Steroids and steroid derivatives,"Bile acids, alcohols and derivatives",Steroids,Cholane steroids,Terpenoids,"""(R)-4-((5S,8S,9S,10R,13R,14S,17R)-10,13-dimethyl-3,6-dioxohexadecahydro-1H-cyclopenta[a]phenanthren-17-yl)pentanoic acid"""
105,CCMSLIB00003136484,Spectral Match to Deoxycholic acid from NIST14,ESI,Q-TOF,Isolated,Data from Joshua Wollam,Data deposited by fevargas,2M+H,785.592,0.0,1,83443,,,,,3,Positive,UPDATE-SINGLE-ANNOTATED-BRONZE,Bronze,7077,spectra_filtered/specs_ms.mgf,lib-00017.mgf,0.943105,GNPS-NIST14-MATCHES,118970000.0,295.686,1.01001,19,0.000793457,785.592,785.5930000000002,1,spectra_filtered/specs_ms.mgf7077,1,,103,11316,,,,,,,,,Deoxycholic acid
114,CCMSLIB00003137151,Spectral Match to Cholic acid from NIST14,ESI,QQQ,Isolated,Data from Joshua Wollam,Data deposited by fevargas,M+NH4,426.32099999999997,408.288,1,81254,,C[C@H](CCC(=O)O)[C@H]1CC[C@@H]2[C@@]1([C@H](C[C@H]3[C@H]2[C@@H](C[C@H]4[C@@]3(CC[C@H](C4)O)C)O)O)C,"InChI=1S/C24H40O5/c1-13(4-7-21(28)29)16-5-6-17-22-18(12-20(27)24(16,17)3)23(2)9-8-15(25)10-14(23)11-19(22)26/h13-20,22,25-27H,4-12H2,1-3H3,(H,28,29)/t13-,14+,15-,16-,17+,18+,19-,20+,22+,23+,24-/m1/s1",,3,Positive,UPDATE-SINGLE-ANNOTATED-BRONZE,Bronze,1391,spectra_filtered/specs_ms.mgf,lib-00017.mgf,0.941451,GNPS-NIST14-MATCHES,401700.0,255.481,1.14534,19,0.000488281,426.32099999999997,426.322,1,spectra_filtered/specs_ms.mgf1391,1,,172,16159,BHQCQFFYRZLCQQ-OELDTZBJSA-N,BHQCQFFYRZLCQQ,Lipids and lipid-like molecules,Steroids and steroid derivatives,"Bile acids, alcohols and derivatives",Steroids,Cholane steroids,Terpenoids,Cholic acid
130,CCMSLIB00003137151,Spectral Match to Cholic acid from NIST14,ESI,QQQ,Isolated,Data from Joshua Wollam,Data deposited by fevargas,M+NH4,426.32099999999997,408.288,1,81254,,C[C@H](CCC(=O)O)[C@H]1CC[C@@H]2[C@@]1([C@H](C[C@H]3[C@H]2[C@@H](C[C@H]4[C@@]3(CC[C@H](C4)O)C)O)O)C,"InChI=1S/C24H40O5/c1-13(4-7-21(28)29)16-5-6-17-22-18(12-20(27)24(16,17)3)23(2)9-8-15(25)10-14(23)11-19(22)26/h13-20,22,25-27H,4-12H2,1-3H3,(H,28,29)/t13-,14+,15-,16-,17+,18+,19-,20+,22+,23+,24-/m1/s1",,3,Positive,UPDATE-SINGLE-ANNOTATED-BRONZE,Bronze,12331,spectra_filtered/specs_ms.mgf,lib-00017.mgf,0.935801,GNPS-NIST14-MATCHES,1271500.0,255.377,2.57701,19,0.00109863,426.32099999999997,426.322,1,spectra_filtered/specs_ms.mgf12331,1,,172,16159,BHQCQFFYRZLCQQ-OELDTZBJSA-N,BHQCQFFYRZLCQQ,Lipids and lipid-like molecules,Steroids and steroid derivatives,"Bile acids, alcohols and derivatives",Steroids,Cholane steroids,Terpenoids,Cholic acid
182,CCMSLIB00003139073,Spectral Match to Glycocholic acid from NIST14,ESI,qTof,Isolated,Data from Joshua Wollam,Data deposited by fevargas,M+H,466.316,465.309,1,475310,,C[C@H](CCC(=O)NCC(=O)O)[C@H]1CC[C@@H]2[C@@]1([C@H](C[C@H]3[C@H]2[C@@H](C[C@H]4[C@@]3(CC[C@H](C4)O)C)O)O)C,"InChI=1S/C26H43NO6/c1-14(4-7-22(31)27-13-23(32)33)17-5-6-18-24-19(12-21(30)26(17,18)3)25(2)9-8-16(28)10-15(25)11-20(24)29/h14-21,24,28-30H,4-13H2,1-3H3,(H,27,31)(H,32,33)/t14-,15+,16-,17-,18+,19+,20-,21+,24+,25+,26-/m1/s1",,3,Positive,UPDATE-SINGLE-ANNOTATED-BRONZE,Bronze,1135,spectra_filtered/specs_ms.mgf,lib-00017.mgf,0.922369,GNPS-NIST14-MATCHES,422700.0,234.142,1.50521,19,0.0007019039999999999,466.316,466.317,1,spectra_filtered/specs_ms.mgf1135,1,,107,9398,RFDAIACWWDREDC-FRVQLJSFSA-N,RFDAIACWWDREDC,Lipids and lipid-like molecules,Steroids and steroid derivatives,"Bile acids, alcohols and derivatives",Steroids,Cholane steroids,Terpenoids,Glycocholic acid
188,CCMSLIB00003135123,Spectral Match to 12-Ketodeoxycholic acid from NIST14,LC-ESI,qTof,Isolated,Data from Joshua Wollam,Data deposited by fevargas,M+H,391.284,0.0,1,5130290,,CC(CCC(=O)O)C1CCC2C1(C(=O)CC3C2CCC4C3(CCC(C4)O)C)C,,,3,Positive,UPDATE-SINGLE-ANNOTATED-BRONZE,Bronze,13796,spectra_filtered/specs_ms.mgf,lib-00017.mgf,0.92134,GNPS-NIST14-MATCHES,3475000.0,280.85900000000004,1.79385,20,0.0007019039999999999,391.284,391.285,1,spectra_filtered/specs_ms.mgf13796,1,,79,11016,CVNYHSDFZXHMMJ-UHFFFAOYSA-N,CVNYHSDFZXHMMJ,Lipids and lipid-like molecules,Steroids and steroid derivatives,"Bile acids, alcohols and derivatives",Steroids,Cholane steroids,Terpenoids,12-Ketodeoxycholic acid
208,CCMSLIB00006693071,3a-hydroxy-5b-cholan-24-oate,LC-ESI,Orbitrap,commercial,Trent Northen,JGI:199754,M+H-H2O,359.29400000000004,0.0,1,,,CC(CCC(=O)O)C1CCC2C3CCC4CC(O)CCC4(C)C3CCC12C,"InChI=1S/C24H40O3/c1-15(4-9-22(26)27)19-7-8-20-18-6-5-16-14-17(25)10-12-23(16,2)21(18)11-13-24(19,20)3/h15-21,25H,4-14H2,1-3H3,(H,26,27)/t15-,16?,17-,18+,19-,20+,21+,23+,24-/m1/s1",,3,Positive,UPDATE-SINGLE-ANNOTATED-BRONZE,Bronze,3814,spectra_filtered/specs_ms.mgf,lib-00011.mgf,0.915594,BERKELEY-LAB,10101000.0,345.332,0.0849375,16,3.05176e-05,359.29400000000004,359.2940000000001,1,spectra_filtered/specs_ms.mgf3814,1,,0,0,SMEROWZSTRWXGI-UHFFFAOYSA-N,SMEROWZSTRWXGI,Lipids and lipid-like molecules,Steroids and steroid derivatives,"Bile acids, alcohols and derivatives",Steroids,Cholane steroids,Terpenoids,3a-hydroxy-5b-cholan-24-oate
229,CCMSLIB00005463880,URSODEOXYCHOLATE,ESI,Orbitrap,Commercial,Dorrestein,Kelly Weldon,M-2H2O+H,357.279,392.293,1,128-13-2,31401.0,CC(CCC(=O)O)C1CCC2C1(CCC3C2C(CC4C3(CCC(C4)O)C)O)C,"InChI=1S/C24H40O4/c1-14(4-7-21(27)28)17-5-6-18-22-19(9-11-24(17,18)3)23(2)10-8-16(25)12-15(23)13-20(22)26/h14-20,22,25-26H,4-13H2,1-3H3,(H,27,28)",,1,Positive,UPDATE-SINGLE-ANNOTATED-GOLD,Gold,13088,spectra_filtered/specs_ms.mgf,lib-00029.mgf,0.907519,GNPS-MSMLS,306100.0,417.043,0.25625,15,9.15527e-05,357.279,357.279,1,spectra_filtered/specs_ms.mgf13088,1,,0,0,RUDATBOHQWOJDD-UHFFFAOYSA-N,RUDATBOHQWOJDD,Lipids and lipid-like molecules,Steroids and steroid derivatives,"Bile acids, alcohols and derivatives",Steroids,Cholane steroids,Terpenoids,URSODEOXYCHOLATE
249,CCMSLIB00005463897,DEOXYCHOLATE,ESI,Orbitrap,Commercial,Dorrestein,Kelly Weldon,M-2H2O+H,357.279,392.293,1,302-95-4,222528.0,[H][C@@]12CC[C@H]([C@H](C)CCC(O)=O)[C@@]1(C)[C@@H](O)C[C@@]1([H])[C@@]2([H])CC[C@]2([H])C[C@H](O)CC[C@]12C,"InChI=1S/C24H40O4/c1-14(4-9-22(27)28)18-7-8-19-17-6-5-15-12-16(25)10-11-23(15,2)20(17)13-21(26)24(18,19)3/h14-21,25-26H,4-13H2,1-3H3,(H,27,28)/t14-,15-,16-,17+,18-,19+,20+,21+,23+,24-/m1/s1",,1,Positive,UPDATE-SINGLE-ANNOTATED-GOLD,Gold,10291,spectra_filtered/specs_ms.mgf,lib-00029.mgf,0.900855,GNPS-MSMLS,299100.0,435.676,1.36667,16,0.000488281,357.279,357.279,1,spectra_filtered/specs_ms.mgf10291,1,,0,0,KXGVEGMKQFWNSR-LLQZFEROSA-N,KXGVEGMKQFWNSR,Lipids and lipid-like molecules,Steroids and steroid derivatives,"Bile acids, alcohols and derivatives",Steroids,Cholane steroids,Terpenoids,DEOXYCHOLATE
259,CCMSLIB00005465352,"""(4R)-4-((5S,7R,9S,10S,13R,14S,17R)-7-hydroxy-10,13-dimethyl-3-oxohexadecahydro-1H-cyclopenta[a]phenanthren-17-yl)pentanoic acid""",ESI,qTof,crude,Dorrestein,Emily Gentry,2M+Na,803.543,390.277,1,,,[H][C@@]1([C@H](O)C[C@@H]2[C@]3(C)CCC(C2)=O)[C@@H]3CC[C@@]4(C)[C@H]1CC[C@@H]4[C@@H](CCC(O)=O)C,"""InChI=1S/C24H38O4/c1-14(4-7-21(27)28)17-5-6-18-22-19(9-11-24(17,18)3)23(2)10-8-16(25)12-15(23)13-20(22)26/h14-15,17-20,22,26H,4-13H2,1-3H3,(H,27,28)/t14-,15-,17-,18+,19+,20-,22+,23+,24-/m1/s1""",,1,Positive,UPDATE-SINGLE-ANNOTATED-GOLD,Gold,6429,spectra_filtered/specs_ms.mgf,lib-00023.mgf,0.8949790000000001,BILELIB19,326600.0,269.599,0.835533,5,0.000671387,803.543,803.544,1,spectra_filtered/specs_ms.mgf6429,1,,0,0,KNVADAPHVNKTEP-LIMNXCBBSA-N,KNVADAPHVNKTEP,Lipids and lipid-like molecules,Steroids and steroid derivatives,"Bile acids, alcohols and derivatives",Steroids,Cholane steroids,Terpenoids,"""(4R)-4-((5S,7R,9S,10S,13R,14S,17R)-7-hydroxy-10,13-dimethyl-3-oxohexadecahydro-1H-cyclopenta[a]phenanthren-17-yl)pentanoic acid"""
291,CCMSLIB00005465750,"""(R)-4-((3R,5S,7S,8R,9S,10S,12S,13R,14S,17R)-3,7,12-trihydroxy-10,13-dimethylhexadecahydro-1H-cyclopenta[a]phenanthren-17-yl)pentanoic acid""",ESI,qTof,crude,Dorrestein,Emily Gentry,M-H2O+H,391.284,408.288,1,,,C[C@@H]([C@H]1CC[C@]2([H])[C@]1(C)[C@@H](O)C[C@@]3([H])[C@@]2([H])[C@@H](O)C[C@@]4([H])[C@]3(C)CC[C@@H](O)C4)CCC(O)=O,"""InChI=1S/C24H40O5/c1-13(4-7-21(28)29)16-5-6-17-22-18(12-20(27)24(16,17)3)23(2)9-8-15(25)10-14(23)11-19(22)26/h13-20,22,25-27H,4-12H2,1-3H3,(H,28,29)/t13-,14+,15-,16-,17+,18+,19+,20+,22+,23+,24-/m1/s1""",,1,Positive,UPDATE-SINGLE-ANNOTATED-GOLD,Gold,12425,spectra_filtered/specs_ms.mgf,lib-00023.mgf,0.887177,BILELIB19,7633000.0,225.031,1.01391,17,0.000396729,391.284,391.284,1,spectra_filtered/specs_ms.mgf12425,1,,0,0,BHQCQFFYRZLCQQ-UTLSPDKDSA-N,BHQCQFFYRZLCQQ,Lipids and lipid-like molecules,Steroids and steroid derivatives,"Bile acids, alcohols and derivatives",Steroids,Cholane steroids,Terpenoids,"""(R)-4-((3R,5S,7S,8R,9S,10S,12S,13R,14S,17R)-3,7,12-trihydroxy-10,13-dimethylhexadecahydro-1H-cyclopenta[a]phenanthren-17-yl)pentanoic acid"""
299,CCMSLIB00003137151,Spectral Match to Cholic acid from NIST14,ESI,QQQ,Isolated,Data from Joshua Wollam,Data deposited by fevargas,M+NH4,426.32099999999997,408.288,1,81254,,C[C@H](CCC(=O)O)[C@H]1CC[C@@H]2[C@@]1([C@H](C[C@H]3[C@H]2[C@@H](C[C@H]4[C@@]3(CC[C@H](C4)O)C)O)O)C,"InChI=1S/C24H40O5/c1-13(4-7-21(28)29)16-5-6-17-22-18(12-20(27)24(16,17)3)23(2)9-8-15(25)10-14(23)11-19(22)26/h13-20,22,25-27H,4-12H2,1-3H3,(H,28,29)/t13-,14+,15-,16-,17+,18+,19-,20+,22+,23+,24-/m1/s1",,3,Positive,UPDATE-SINGLE-ANNOTATED-BRONZE,Bronze,7148,spectra_filtered/specs_ms.mgf,lib-00017.mgf,0.8841190000000001,GNPS-NIST14-MATCHES,2119000.0,224.875,0.644252,18,0.000274658,426.32099999999997,426.321,1,spectra_filtered/specs_ms.mgf7148,1,,172,16159,BHQCQFFYRZLCQQ-OELDTZBJSA-N,BHQCQFFYRZLCQQ,Lipids and lipid-like molecules,Steroids and steroid derivatives,"Bile acids, alcohols and derivatives",Steroids,Cholane steroids,Terpenoids,Cholic acid
326,CCMSLIB00005464785,"""(R)-4-((3S,5S,7R,8R,9S,10S,13R,14S,17R)-3,7-dihydroxy-10,13-dimethyl-12-oxohexadecahydro-1H-cyclopenta[a]phenanthren-17-yl)pentanoic acid""",ESI,qTof,crude,Dorrestein,Emily Gentry,M+H,407.279,406.272,1,,,C[C@@H]([C@H]1CC[C@]2([H])[C@]1(C)C(C[C@@]3([H])[C@@]2([H])[C@H](O)C[C@@]4([H])[C@]3(C)CC[C@H](O)C4)=O)CCC(O)=O,"""InChI=1S/C24H38O5/c1-13(4-7-21(28)29)16-5-6-17-22-18(12-20(27)24(16,17)3)23(2)9-8-15(25)10-14(23)11-19(22)26/h13-19,22,25-26H,4-12H2,1-3H3,(H,28,29)/t13-,14+,15+,16-,17+,18+,19-,22+,23+,24-/m1/s1""",,1,Positive,UPDATE-SINGLE-ANNOTATED-GOLD,Gold,5942,spectra_filtered/specs_ms.mgf,lib-00023.mgf,0.874092,BILELIB19,714900.0,227.88,0.749304,15,0.000305176,407.279,407.279,1,spectra_filtered/specs_ms.mgf5942,1,,0,0,MIHNUBCEFJLAGN-MTUXEBOFSA-N,MIHNUBCEFJLAGN,Lipids and lipid-like molecules,Steroids and steroid derivatives,"Bile acids, alcohols and derivatives",Steroids,Cholane steroids,Terpenoids,"""(R)-4-((3S,5S,7R,8R,9S,10S,13R,14S,17R)-3,7-dihydroxy-10,13-dimethyl-12-oxohexadecahydro-1H-cyclopenta[a]phenanthren-17-yl)pentanoic acid"""
345,CCMSLIB00003137598,Spectral Match to Cholic acid from NIST14,ESI,QQQ,Isolated,Data from Gabriel Haddad,Data deposited by mjmeehan,M+H-3H2O,355.26300000000003,408.288,1,81254,,C[C@H](CCC(=O)O)[C@H]1CC[C@@H]2[C@@]1([C@H](C[C@H]3[C@H]2[C@@H](C[C@H]4[C@@]3(CC[C@H](C4)O)C)O)O)C,"InChI=1S/C24H40O5/c1-13(4-7-21(28)29)16-5-6-17-22-18(12-20(27)24(16,17)3)23(2)9-8-15(25)10-14(23)11-19(22)26/h13-20,22,25-27H,4-12H2,1-3H3,(H,28,29)/t13-,14+,15-,16-,17+,18+,19-,20+,22+,23+,24-/m1/s1",,3,Positive,UPDATE-SINGLE-ANNOTATED-BRONZE,Bronze,6493,spectra_filtered/specs_ms.mgf,lib-00017.mgf,0.868893,GNPS-NIST14-MATCHES,1411600.0,239.635,3.69376,12,0.00131226,355.26300000000003,355.264,1,spectra_filtered/specs_ms.mgf6493,1,,172,16159,BHQCQFFYRZLCQQ-OELDTZBJSA-N,BHQCQFFYRZLCQQ,Lipids and lipid-like molecules,Steroids and steroid derivatives,"Bile acids, alcohols and derivatives",Steroids,Cholane steroids,Terpenoids,Cholic acid
353,CCMSLIB00005463897,DEOXYCHOLATE,ESI,Orbitrap,Commercial,Dorrestein,Kelly Weldon,M-2H2O+H,357.279,392.293,1,302-95-4,222528.0,[H][C@@]12CC[C@H]([C@H](C)CCC(O)=O)[C@@]1(C)[C@@H](O)C[C@@]1([H])[C@@]2([H])CC[C@]2([H])C[C@H](O)CC[C@]12C,"InChI=1S/C24H40O4/c1-14(4-9-22(27)28)18-7-8-19-17-6-5-15-12-16(25)10-11-23(15,2)20(17)13-21(26)24(18,19)3/h14-21,25-26H,4-13H2,1-3H3,(H,27,28)/t14-,15-,16-,17+,18-,19+,20+,21+,23+,24-/m1/s1",,1,Positive,UPDATE-SINGLE-ANNOTATED-GOLD,Gold,2046,spectra_filtered/specs_ms.mgf,lib-00029.mgf,0.864324,GNPS-MSMLS,2205200.0,276.149,0.854167,16,0.000305176,357.279,357.279,1,spectra_filtered/specs_ms.mgf2046,1,,0,0,KXGVEGMKQFWNSR-LLQZFEROSA-N,KXGVEGMKQFWNSR,Lipids and lipid-like molecules,Steroids and steroid derivatives,"Bile acids, alcohols and derivatives",Steroids,Cholane steroids,Terpenoids,DEOXYCHOLATE
358,CCMSLIB00005464866,"""(R)-4-((3S,5S,7S,8R,9S,10S,12S,13R,14S,17R)-3,7,12-trihydroxy-10,13-dimethylhexadecahydro-1H-cyclopenta[a]phenanthren-17-yl)pentanoic acid""",ESI,qTof,crude,Dorrestein,Emily Gentry,M-H2O+H,391.284,408.288,1,,,C[C@@H]([C@H]1CC[C@]2([H])[C@]1(C)[C@@H](O)C[C@@]3([H])[C@@]2([H])[C@@H](O)C[C@@]4([H])[C@]3(C)CC[C@H](O)C4)CCC(O)=O,"""InChI=1S/C24H40O5/c1-13(4-7-21(28)29)16-5-6-17-22-18(12-20(27)24(16,17)3)23(2)9-8-15(25)10-14(23)11-19(22)26/h13-20,22,25-27H,4-12H2,1-3H3,(H,28,29)/t13-,14+,15+,16-,17+,18+,19+,20+,22+,23+,24-/m1/s1""",,1,Positive,UPDATE-SINGLE-ANNOTATED-GOLD,Gold,7515,spectra_filtered/specs_ms.mgf,lib-00023.mgf,0.86121,BILELIB19,2880000.0,212.543,1.24789,16,0.000488281,391.284,391.284,1,spectra_filtered/specs_ms.mgf7515,1,,0,0,BHQCQFFYRZLCQQ-NSYKHXCCSA-N,BHQCQFFYRZLCQQ,Lipids and lipid-like molecules,Steroids and steroid derivatives,"Bile acids, alcohols and derivatives",Steroids,Cholane steroids,Terpenoids,"""(R)-4-((3S,5S,7S,8R,9S,10S,12S,13R,14S,17R)-3,7,12-trihydroxy-10,13-dimethylhexadecahydro-1H-cyclopenta[a]phenanthren-17-yl)pentanoic acid"""
359,CCMSLIB00006584297,Phe-DCA,ESI,qToF,Crude,Dorrestein,Emily Gentry,M+H,540.368,539.361,1,,,C[C@H](CCC(N[C@H](C(O)=O)CC1=CC=CC=C1)=O)[C@H]2CC[C@@]3([H])[C@]4([H])CC[C@]5([H])C[C@H](O)CC[C@]5(C)[C@H]4C[C@H](O)[C@@]32C,"InChI=1S/C33H49NO5/c1-20(9-14-30(37)34-28(31(38)39)17-21-7-5-4-6-8-21)25-12-13-26-24-11-10-22-18-23(35)15-16-32(22,2)27(24)19-29(36)33(25,26)3/h4-8,20,22-29,35-36H,9-19H2,1-3H3,(H,34,37)(H,38,39)/t20-,22-,23-,24+,25-,26+,27+,28?,29+,32+,33-/m1/s1",,2,Positive,UPDATE-SINGLE-ANNOTATED-SILVER,Silver,12251,spectra_filtered/specs_ms.mgf,lib-00023.mgf,0.861208,BILELIB19,172900.0,308.339,0.225902,17,0.00012207,540.368,540.368,1,spectra_filtered/specs_ms.mgf12251,1,,0,0,RFRCQJKUNLZBAM-SYIRRQCNSA-N,RFRCQJKUNLZBAM,Lipids and lipid-like molecules,Steroids and steroid derivatives,"Bile acids, alcohols and derivatives",Steroids,Cholane steroids,Terpenoids,Phe-DCA
386,CCMSLIB00005435510,glycochenodeoxycholic acid,ESI,Orbitrap,commercial,Dorrestein,A. Jarmusch,M+H,450.32099999999997,449.314,1,640-79-9,,C[C@H](CCC(=O)NCC(=O)O)[C@H]1CC[C@@H]2[C@@]1(CC[C@H]3[C@H]2[C@@H](C[C@H]4[C@@]3(CC[C@H](C4)O)C)O)C,"1S/C26H43NO5/c1-15(4-7-22(30)27-14-23(31)32)18-5-6-19-24-20(9-11-26(18,19)3)25(2)10-8-17(28)12-16(25)13-21(24)29/h15-21,24,28-29H,4-14H2,1-3H3,(H,27,30)(H,31,32)/t15?,16-,17+,18+,19-,20-,21+,24-,25?,26?/m0/s1",,1,Positive,UPDATE-SINGLE-ANNOTATED-GOLD,Gold,853,spectra_filtered/specs_ms.mgf,lib-00023.mgf,0.8537549999999999,BILELIB19,376800.0,264.35900000000004,1.0843,16,0.000488281,450.32099999999997,450.322,1,spectra_filtered/specs_ms.mgf853,1,,0,0,GHCZAUBVMUEKKP-GYPHWSFCSA-N,GHCZAUBVMUEKKP,Lipids and lipid-like molecules,Steroids and steroid derivatives,"Bile acids, alcohols and derivatives",Steroids,Cholane steroids,Terpenoids,glycochenodeoxycholic acid
411,CCMSLIB00003137598,Spectral Match to Cholic acid from NIST14,ESI,QQQ,Isolated,Data from Gabriel Haddad,Data deposited by mjmeehan,M+H-3H2O,355.26300000000003,408.288,1,81254,,C[C@H](CCC(=O)O)[C@H]1CC[C@@H]2[C@@]1([C@H](C[C@H]3[C@H]2[C@@H](C[C@H]4[C@@]3(CC[C@H](C4)O)C)O)O)C,"InChI=1S/C24H40O5/c1-13(4-7-21(28)29)16-5-6-17-22-18(12-20(27)24(16,17)3)23(2)9-8-15(25)10-14(23)11-19(22)26/h13-20,22,25-27H,4-12H2,1-3H3,(H,28,29)/t13-,14+,15-,16-,17+,18+,19-,20+,22+,23+,24-/m1/s1",,3,Positive,UPDATE-SINGLE-ANNOTATED-BRONZE,Bronze,7226,spectra_filtered/specs_ms.mgf,lib-00017.mgf,0.8439479999999999,GNPS-NIST14-MATCHES,757100.0,254.913,4.81048,12,0.00170898,355.26300000000003,355.265,1,spectra_filtered/specs_ms.mgf7226,1,,172,16159,BHQCQFFYRZLCQQ-OELDTZBJSA-N,BHQCQFFYRZLCQQ,Lipids and lipid-like molecules,Steroids and steroid derivatives,"Bile acids, alcohols and derivatives",Steroids,Cholane steroids,Terpenoids,Cholic acid
422,CCMSLIB00005467951,Leucine conjugated chenodeoxycholic acid putative,LC-ESI,Orbitrap,Crude,Dorrestein,lfnothias,M+H,506.385,0.0,1, , ,C[CH](CCC(N[CH](CC(C)C)C(O)=O)=O)[CH]1CC[C]2([H])[C]3([H])[CH](O)C[C]4([H])C[CH](O)CC[C]4(C)[CH]3CC[C]21C, , ,3,Positive,UPDATE-SINGLE-ANNOTATED-BRONZE,Bronze,7672,spectra_filtered/specs_ms.mgf,lib-00042.mgf,0.841363,GNPS-LIBRARY,196000.0,304.59,0.783452,13,0.000396729,506.385,506.385,1,spectra_filtered/specs_ms.mgf7672,1,,0,0,BAOWHAJSJGJSBV-UHFFFAOYSA-N,BAOWHAJSJGJSBV,Lipids and lipid-like molecules,Steroids and steroid derivatives,"Bile acids, alcohols and derivatives",Steroids,Cholane steroids|Cholestane steroids,Terpenoids,Leucine conjugated chenodeoxycholic acid
471,CCMSLIB00005464751,"""(R)-4-((5R,8R,9S,10S,13R,14S,17R)-10,13-dimethyl-3-oxohexadecahydro-1H-cyclopenta[a]phenanthren-17-yl)pentanoic acid""",ESI,qTof,crude,Dorrestein,Emily Gentry,M+H,375.289,374.282,1,,,C[C@@H]([C@H]1CC[C@]2([H])[C@]1(C)CC[C@@]3([H])[C@@]2([H])CC[C@@]4([H])[C@]3(C)CCC(C4)=O)CCC(O)=O,"""InChI=1S/C24H38O3/c1-15(4-9-22(26)27)19-7-8-20-18-6-5-16-14-17(25)10-12-23(16,2)21(18)11-13-24(19,20)3/h15-16,18-21H,4-14H2,1-3H3,(H,26,27)/t15-,16-,18+,19-,20+,21+,23+,24-/m1/s1""",,1,Positive,UPDATE-SINGLE-ANNOTATED-GOLD,Gold,5403,spectra_filtered/specs_ms.mgf,lib-00023.mgf,0.8297209999999999,BILELIB19,2655000.0,352.865,1.05713,15,0.000396729,375.289,375.289,1,spectra_filtered/specs_ms.mgf5403,1,,0,0,KIQFUORWRVZTHT-OPTMKGCMSA-N,KIQFUORWRVZTHT,Lipids and lipid-like molecules,Steroids and steroid derivatives,"Bile acids, alcohols and derivatives",Steroids,Cholane steroids,Terpenoids,"""(R)-4-((5R,8R,9S,10S,13R,14S,17R)-10,13-dimethyl-3-oxohexadecahydro-1H-cyclopenta[a]phenanthren-17-yl)pentanoic acid"""
483,CCMSLIB00003137151,Spectral Match to Cholic acid from NIST14,ESI,QQQ,Isolated,Data from Joshua Wollam,Data deposited by fevargas,M+NH4,426.32099999999997,408.288,1,81254,,C[C@H](CCC(=O)O)[C@H]1CC[C@@H]2[C@@]1([C@H](C[C@H]3[C@H]2[C@@H](C[C@H]4[C@@]3(CC[C@H](C4)O)C)O)O)C,"InChI=1S/C24H40O5/c1-13(4-7-21(28)29)16-5-6-17-22-18(12-20(27)24(16,17)3)23(2)9-8-15(25)10-14(23)11-19(22)26/h13-20,22,25-27H,4-12H2,1-3H3,(H,28,29)/t13-,14+,15-,16-,17+,18+,19-,20+,22+,23+,24-/m1/s1",,3,Positive,UPDATE-SINGLE-ANNOTATED-BRONZE,Bronze,2172,spectra_filtered/specs_ms.mgf,lib-00017.mgf,0.8249719999999999,GNPS-NIST14-MATCHES,446400.0,228.661,0.930586,18,0.000396729,426.32099999999997,426.321,1,spectra_filtered/specs_ms.mgf2172,1,,172,16159,BHQCQFFYRZLCQQ-OELDTZBJSA-N,BHQCQFFYRZLCQQ,Lipids and lipid-like molecules,Steroids and steroid derivatives,"Bile acids, alcohols and derivatives",Steroids,Cholane steroids,Terpenoids,Cholic acid
492,CCMSLIB00005465719,"""(R)-4-((8S,9S,10R,13R,14S,17R)-10,13-dimethyl-3-oxo-2,3,6,7,8,9,10,11,12,13,14,15,16,17-tetradecahydro-1H-cyclopenta[a]phenanthren-17-yl)pentanoic acid""",ESI,qTof,crude,Dorrestein,Emily Gentry,M+H,373.274,372.26599999999996,1,,,C[C@@H]([C@H]1CC[C@]2([H])[C@]1(C)CC[C@@]3([H])[C@@]2([H])CCC([C@]3(C)CC4)=CC4=O)CCC(O)=O,"""InChI=1S/C24H36O3/c1-15(4-9-22(26)27)19-7-8-20-18-6-5-16-14-17(25)10-12-23(16,2)21(18)11-13-24(19,20)3/h14-15,18-21H,4-13H2,1-3H3,(H,26,27)/t15-,18+,19-,20+,21+,23+,24-/m1/s1""",,1,Positive,UPDATE-SINGLE-ANNOTATED-GOLD,Gold,5975,spectra_filtered/specs_ms.mgf,lib-00023.mgf,0.822422,BILELIB19,1618800.0,330.0630000000001,0.4905390000000001,13,0.000183105,373.274,373.274,1,spectra_filtered/specs_ms.mgf5975,1,,0,0,WCFIGQHNBJXROP-IHMUCKAYSA-N,WCFIGQHNBJXROP,Lipids and lipid-like molecules,Steroids and steroid derivatives,"Bile acids, alcohols and derivatives",Steroids,Cholane steroids,Terpenoids,"""(R)-4-((8S,9S,10R,13R,14S,17R)-10,13-dimethyl-3-oxo-2,3,6,7,8,9,10,11,12,13,14,15,16,17-tetradecahydro-1H-cyclopenta[a]phenanthren-17-yl)pentanoic acid"""
499,CCMSLIB00003136615,Spectral Match to Cholic acid from NIST14,ESI,QqQ,Isolated,Data from Christopher A. Lowry,Data deposited by fevargas,M+H-3H2O,355.26300000000003,0.0,1,81254,,,,,3,Positive,UPDATE-SINGLE-ANNOTATED-BRONZE,Bronze,5156,spectra_filtered/specs_ms.mgf,lib-00017.mgf,0.820738,GNPS-NIST14-MATCHES,536900.0,228.225,2.83475,14,0.00100708,355.26300000000003,355.264,1,spectra_filtered/specs_ms.mgf5156,1,,172,16159,,,,,,,,,Cholic acid
505,CCMSLIB00005464677,"""(4R)-4-((3R,5R,6S,7R,9S,10R,12S,13R,14S,17R)-3,6,7,12-tetrahydroxy-10,13-dimethylhexadecahydro-1H-cyclopenta[a]phenanthren-17-yl)pentanoic acid""",ESI,qTof,crude,Dorrestein,Emily Gentry,M-H2O+H,407.279,424.283,1,,,[H][C@]12[C@H](O)[C@H](O)[C@]3([C@@H]([C@]4(C)[C@@H](O)C[C@@H]3[C@@]1(C)CC[C@@H](O)C2)CC[C@@H]4[C@@H](CCC(O)=O)C)[H],"""InChI=1S/C24H40O6/c1-12(4-7-19(27)28)14-5-6-15-20-16(11-18(26)24(14,15)3)23(2)9-8-13(25)10-17(23)21(29)22(20)30/h12-18,20-22,25-26,29-30H,4-11H2,1-3H3,(H,27,28)/t12-,13-,14-,15+,16+,17+,18+,20+,21+,22-,23-,24-/m1/s1""",,1,Positive,UPDATE-SINGLE-ANNOTATED-GOLD,Gold,13163,spectra_filtered/specs_ms.mgf,lib-00023.mgf,0.8193549999999999,BILELIB19,398700.0,231.302,1.7234,14,0.0007019039999999999,407.279,407.278,1,spectra_filtered/specs_ms.mgf13163,1,,0,0,COCMFMBNEAMQMA-KREOYVNCSA-N,COCMFMBNEAMQMA,Lipids and lipid-like molecules,Steroids and steroid derivatives,"Bile acids, alcohols and derivatives",Steroids,Cholane steroids,Terpenoids,"""(4R)-4-((3R,5R,6S,7R,9S,10R,12S,13R,14S,17R)-3,6,7,12-tetrahydroxy-10,13-dimethylhexadecahydro-1H-cyclopenta[a]phenanthren-17-yl)pentanoic acid"""
515,CCMSLIB00003134756,Spectral Match to Lithocholic acid from NIST14,ESI,qTof,Isolated,Data from Joshua Wollam,Data deposited by fevargas,M+H-H2O,359.29400000000004,376.298,1,434139,,C[C@H](CCC(=O)O)[C@H]1CC[C@@H]2[C@@]1(CC[C@H]3[C@H]2CC[C@H]4[C@@]3(CC[C@H](C4)O)C)C,"InChI=1S/C24H40O3/c1-15(4-9-22(26)27)19-7-8-20-18-6-5-16-14-17(25)10-12-23(16,2)21(18)11-13-24(19,20)3/h15-21,25H,4-14H2,1-3H3,(H,26,27)/t15-,16-,17-,18+,19-,20+,21+,23+,24-/m1/s1",,3,Positive,UPDATE-SINGLE-ANNOTATED-BRONZE,Bronze,13360,spectra_filtered/specs_ms.mgf,lib-00017.mgf,0.8156939999999999,GNPS-NIST14-MATCHES,218800.0,402.866,2.20838,10,0.000793457,359.29400000000004,359.295,1,spectra_filtered/specs_ms.mgf13360,1,,71,7266,SMEROWZSTRWXGI-HVATVPOCSA-N,SMEROWZSTRWXGI,Lipids and lipid-like molecules,Steroids and steroid derivatives,"Bile acids, alcohols and derivatives",Steroids,Cholane steroids,Terpenoids,Lithocholic acid
523,CCMSLIB00005435981,Cholic acid,LC-ESI,qTof,Commercial,Uwe Karst,Robin Schmid,2M+NH4,834.6089999999999,408.288,1,81-25-4, ,[H][C@@]12C[C@H](O)CC[C@]1(C)[C@@]1([H])C[C@H](O)[C@]3(C)[C@]([H])(CC[C@@]3([H])[C@]1([H])[C@H](O)C2)[C@H](C)CCC(O)=O,"InChI=1S/C24H40O5/c1-13(4-7-21(28)29)16-5-6-17-22-18(12-20(27)24(16,17)3)23(2)9-8-15(25)10-14(23)11-19(22)26/h13-20,22,25-27H,4-12H2,1-3H3,(H,28,29)/t13-,14+,15-,16-,17+,18+,19-,20+,22+,23+,24-/m1/s1",BHQCQFFYRZLCQQ-OELDTZBJSA-N,3,Positive,UPDATE-SINGLE-ANNOTATED-BRONZE,Bronze,7439,spectra_filtered/specs_ms.mgf,lib-00042.mgf,0.811778,GNPS-LIBRARY,7482000.0,254.693,0.731302,14,0.000610352,834.6089999999999,834.61,1,spectra_filtered/specs_ms.mgf7439,1,,132,10171,BHQCQFFYRZLCQQ-OELDTZBJSA-N,BHQCQFFYRZLCQQ,Lipids and lipid-like molecules,Steroids and steroid derivatives,"Bile acids, alcohols and derivatives",Steroids,Cholane steroids,Terpenoids,Cholic acid
549,CCMSLIB00005435541,hyocholic acid,ESI,Orbitrap,commercial,Dorrestein,A. Jarmusch,M+H,158.154,408.288,1,547-75-1,,C[C@H](CCC(=O)O)[C@H]1CC[C@@H]2[C@@]1(CC[C@H]3[C@H]2[C@@H]([C@@H]([C@H]4[C@@]3(CC[C@H](C4)O)C)O)O)C,"1S/C24H40O5/c1-13(4-7-19(26)27)15-5-6-16-20-17(9-11-23(15,16)2)24(3)10-8-14(25)12-18(24)21(28)22(20)29/h13-18,20-22,25,28-29H,4-12H2,1-3H3,(H,26,27)/t13?,14-,15-,16+,17+,18+,20+,21-,22+,23?,24?/m1/s1",,1,Positive,UPDATE-SINGLE-ANNOTATED-GOLD,Gold,430,spectra_filtered/specs_ms.mgf,lib-00023.mgf,0.804363,BILELIB19,221200.0,245.971,0.0,6,0.0,158.154,158.154,1,spectra_filtered/specs_ms.mgf430,1,,0,0,DKPMWHFRUGMUKF-KWXDGCAGSA-N,DKPMWHFRUGMUKF,Lipids and lipid-like molecules,Steroids and steroid derivatives,"Bile acids, alcohols and derivatives",Steroids,Cholane steroids,Terpenoids,hyocholic acid
565,CCMSLIB00006581917,"""3alpha,7alpha-dihydroxy-12-oxo-5beta-cholanic acid""",LC-ESI,qTof,Commercial,Michael Witting,Michael Witting,[M+H]+,407.279,406.272,1,,,[H][C@@]12C[C@H](O)CC[C@]1(C)[C@@]1([H])CC(=O)[C@]3(C)[C@]([H])(CC[C@@]3([H])[C@]1([H])[C@H](O)C2)[C@H](C)CCC(O)=O,"""InChI=1S/C24H38O5/c1-13(4-7-21(28)29)16-5-6-17-22-18(12-20(27)24(16,17)3)23(2)9-8-15(25)10-14(23)11-19(22)26/h13-19,22,25-26H,4-12H2,1-3H3,(H,28,29)/t13-,14+,15-,16-,17+,18+,19-,22+,23+,24-/m1/s1""",MIHNUBCEFJLAGN-DMMBONCOSA-N,1,Positive,UPDATE-SINGLE-ANNOTATED-GOLD,Gold,12844,spectra_filtered/specs_ms.mgf,lib-00002.mgf,0.800479,GNPS-SCIEX-LIBRARY,3025000.0,241.919,0.524513,13,0.000213623,407.279,407.279,1,spectra_filtered/specs_ms.mgf12844,1,,0,0,MIHNUBCEFJLAGN-DMMBONCOSA-N,MIHNUBCEFJLAGN,Lipids and lipid-like molecules,Steroids and steroid derivatives,"Bile acids, alcohols and derivatives",Steroids,Cholane steroids,Terpenoids,"""3alpha,7alpha-dihydroxy-12-oxo-5beta-cholanic acid"""
567,CCMSLIB00003136615,Spectral Match to Cholic acid from NIST14,ESI,QqQ,Isolated,Data from Christopher A. Lowry,Data deposited by fevargas,M+H-3H2O,355.26300000000003,0.0,1,81254,,,,,3,Positive,UPDATE-SINGLE-ANNOTATED-BRONZE,Bronze,13419,spectra_filtered/specs_ms.mgf,lib-00017.mgf,0.799673,GNPS-NIST14-MATCHES,935000.0,223.7,2.2334400000000003,13,0.000793457,355.26300000000003,355.264,1,spectra_filtered/specs_ms.mgf13419,1,,172,16159,,,,,,,,,Cholic acid
624,CCMSLIB00005464717,"""(4R)-4-((3S,5R,9S,10S,13R,14S,17R)-3-hydroxy-10,13-dimethyl-12-oxohexadecahydro-1H-cyclopenta[a]phenanthren-17-yl)pentanoic acid""",ESI,qTof,crude,Dorrestein,Emily Gentry,M-2H2O+H,355.26300000000003,390.277,1,,,[H][C@@]([C@@H]([C@@]12C)CC[C@@H]1[C@@H](CCC(O)=O)C)(CC[C@H]3[C@]4(C)CC[C@H](O)C3)[C@@H]4CC2=O,"""InChI=1S/C24H38O4/c1-14(4-9-22(27)28)18-7-8-19-17-6-5-15-12-16(25)10-11-23(15,2)20(17)13-21(26)24(18,19)3/h14-20,25H,4-13H2,1-3H3,(H,27,28)/t14-,15-,16+,17+,18-,19+,20+,23+,24-/m1/s1""",,1,Positive,UPDATE-SINGLE-ANNOTATED-GOLD,Gold,1038,spectra_filtered/specs_ms.mgf,lib-00023.mgf,0.7836810000000001,BILELIB19,7308000.0,279.761,1.71803,15,0.000610352,355.26300000000003,355.264,1,spectra_filtered/specs_ms.mgf1038,1,,0,0,CVNYHSDFZXHMMJ-KIHIVPLQSA-N,CVNYHSDFZXHMMJ,Lipids and lipid-like molecules,Steroids and steroid derivatives,"Bile acids, alcohols and derivatives",Steroids,Cholane steroids,Terpenoids,"""(4R)-4-((3S,5R,9S,10S,13R,14S,17R)-3-hydroxy-10,13-dimethyl-12-oxohexadecahydro-1H-cyclopenta[a]phenanthren-17-yl)pentanoic acid"""
637,CCMSLIB00005465031,"""(4R)-4-((3R,5R,7R,9S,10S,13R,14S,17R)-3,7-dihydroxy-10,13-dimethylhexadecahydro-1H-cyclopenta[a]phenanthren-17-yl)pentanoic acid""",ESI,qTof,crude,Dorrestein,Emily Gentry,M+Na,415.282,392.293,1,,,C[C@H](CCC(O)=O)[C@H]1CC[C@H]2[C@]([C@@H]3CC[C@@]21C)([H])[C@H](O)C[C@]4([H])[C@]3(C)CC[C@@H](O)C4,"""InChI=1S/C24H40O4/c1-14(4-7-21(27)28)17-5-6-18-22-19(9-11-24(17,18)3)23(2)10-8-16(25)12-15(23)13-20(22)26/h14-20,22,25-26H,4-13H2,1-3H3,(H,27,28)/t14-,15-,16-,17-,18+,19+,20-,22+,23+,24-/m1/s1""",,1,Positive,UPDATE-SINGLE-ANNOTATED-GOLD,Gold,6128,spectra_filtered/specs_ms.mgf,lib-00023.mgf,0.7817529999999999,BILELIB19,305900.0,295.694,1.46973,16,0.000610352,415.282,415.281,1,spectra_filtered/specs_ms.mgf6128,1,,0,0,RUDATBOHQWOJDD-IKAPKQLESA-N,RUDATBOHQWOJDD,Lipids and lipid-like molecules,Steroids and steroid derivatives,"Bile acids, alcohols and derivatives",Steroids,Cholane steroids,Terpenoids,"""(4R)-4-((3R,5R,7R,9S,10S,13R,14S,17R)-3,7-dihydroxy-10,13-dimethylhexadecahydro-1H-cyclopenta[a]phenanthren-17-yl)pentanoic acid"""
643,CCMSLIB00005464716,"""(4R)-4-((3S,5R,9S,10S,13R,14S,17R)-3-hydroxy-10,13-dimethyl-12-oxohexadecahydro-1H-cyclopenta[a]phenanthren-17-yl)pentanoic acid""",ESI,qTof,crude,Dorrestein,Emily Gentry,M-H2O+H,373.273,390.277,1,,,[H][C@@]([C@@H]([C@@]12C)CC[C@@H]1[C@@H](CCC(O)=O)C)(CC[C@H]3[C@]4(C)CC[C@H](O)C3)[C@@H]4CC2=O,"""InChI=1S/C24H38O4/c1-14(4-9-22(27)28)18-7-8-19-17-6-5-15-12-16(25)10-11-23(15,2)20(17)13-21(26)24(18,19)3/h14-20,25H,4-13H2,1-3H3,(H,27,28)/t14-,15-,16+,17+,18-,19+,20+,23+,24-/m1/s1""",,1,Positive,UPDATE-SINGLE-ANNOTATED-GOLD,Gold,7784,spectra_filtered/specs_ms.mgf,lib-00023.mgf,0.7791600000000001,BILELIB19,441100.0,269.44,4.82365,15,0.00180054,373.273,373.275,1,spectra_filtered/specs_ms.mgf7784,1,,0,0,CVNYHSDFZXHMMJ-KIHIVPLQSA-N,CVNYHSDFZXHMMJ,Lipids and lipid-like molecules,Steroids and steroid derivatives,"Bile acids, alcohols and derivatives",Steroids,Cholane steroids,Terpenoids,"""(4R)-4-((3S,5R,9S,10S,13R,14S,17R)-3-hydroxy-10,13-dimethyl-12-oxohexadecahydro-1H-cyclopenta[a]phenanthren-17-yl)pentanoic acid"""
647,CCMSLIB00005435981,Cholic acid,LC-ESI,qTof,Commercial,Uwe Karst,Robin Schmid,2M+NH4,834.6089999999999,408.288,1,81-25-4, ,[H][C@@]12C[C@H](O)CC[C@]1(C)[C@@]1([H])C[C@H](O)[C@]3(C)[C@]([H])(CC[C@@]3([H])[C@]1([H])[C@H](O)C2)[C@H](C)CCC(O)=O,"InChI=1S/C24H40O5/c1-13(4-7-21(28)29)16-5-6-17-22-18(12-20(27)24(16,17)3)23(2)9-8-15(25)10-14(23)11-19(22)26/h13-20,22,25-27H,4-12H2,1-3H3,(H,28,29)/t13-,14+,15-,16-,17+,18+,19-,20+,22+,23+,24-/m1/s1",BHQCQFFYRZLCQQ-OELDTZBJSA-N,3,Positive,UPDATE-SINGLE-ANNOTATED-BRONZE,Bronze,7502,spectra_filtered/specs_ms.mgf,lib-00042.mgf,0.7780819999999999,GNPS-LIBRARY,5401100.0,224.83900000000003,1.09695,15,0.000915527,834.6089999999999,834.61,1,spectra_filtered/specs_ms.mgf7502,1,,132,10171,BHQCQFFYRZLCQQ-OELDTZBJSA-N,BHQCQFFYRZLCQQ,Lipids and lipid-like molecules,Steroids and steroid derivatives,"Bile acids, alcohols and derivatives",Steroids,Cholane steroids,Terpenoids,Cholic acid
651,CCMSLIB00005463880,URSODEOXYCHOLATE,ESI,Orbitrap,Commercial,Dorrestein,Kelly Weldon,M-2H2O+H,357.279,392.293,1,128-13-2,31401.0,CC(CCC(=O)O)C1CCC2C1(CCC3C2C(CC4C3(CCC(C4)O)C)O)C,"InChI=1S/C24H40O4/c1-14(4-7-21(27)28)17-5-6-18-22-19(9-11-24(17,18)3)23(2)10-8-16(25)12-15(23)13-20(22)26/h14-20,22,25-26H,4-13H2,1-3H3,(H,27,28)",,1,Positive,UPDATE-SINGLE-ANNOTATED-GOLD,Gold,9524,spectra_filtered/specs_ms.mgf,lib-00029.mgf,0.775508,GNPS-MSMLS,189100.0,253.231,1.11042,12,0.000396729,357.279,357.279,1,spectra_filtered/specs_ms.mgf9524,1,,0,0,RUDATBOHQWOJDD-UHFFFAOYSA-N,RUDATBOHQWOJDD,Lipids and lipid-like molecules,Steroids and steroid derivatives,"Bile acids, alcohols and derivatives",Steroids,Cholane steroids,Terpenoids,URSODEOXYCHOLATE
652,CCMSLIB00005464717,"""(4R)-4-((3S,5R,9S,10S,13R,14S,17R)-3-hydroxy-10,13-dimethyl-12-oxohexadecahydro-1H-cyclopenta[a]phenanthren-17-yl)pentanoic acid""",ESI,qTof,crude,Dorrestein,Emily Gentry,M-2H2O+H,355.26300000000003,390.277,1,,,[H][C@@]([C@@H]([C@@]12C)CC[C@@H]1[C@@H](CCC(O)=O)C)(CC[C@H]3[C@]4(C)CC[C@H](O)C3)[C@@H]4CC2=O,"""InChI=1S/C24H38O4/c1-14(4-9-22(27)28)18-7-8-19-17-6-5-15-12-16(25)10-11-23(15,2)20(17)13-21(26)24(18,19)3/h14-20,25H,4-13H2,1-3H3,(H,27,28)/t14-,15-,16+,17+,18-,19+,20+,23+,24-/m1/s1""",,1,Positive,UPDATE-SINGLE-ANNOTATED-GOLD,Gold,5250,spectra_filtered/specs_ms.mgf,lib-00023.mgf,0.775075,BILELIB19,858800.0,269.642,3.69376,13,0.00131226,355.26300000000003,355.264,1,spectra_filtered/specs_ms.mgf5250,1,,0,0,CVNYHSDFZXHMMJ-KIHIVPLQSA-N,CVNYHSDFZXHMMJ,Lipids and lipid-like molecules,Steroids and steroid derivatives,"Bile acids, alcohols and derivatives",Steroids,Cholane steroids,Terpenoids,"""(4R)-4-((3S,5R,9S,10S,13R,14S,17R)-3-hydroxy-10,13-dimethyl-12-oxohexadecahydro-1H-cyclopenta[a]phenanthren-17-yl)pentanoic acid"""
654,CCMSLIB00003137598,Spectral Match to Cholic acid from NIST14,ESI,QQQ,Isolated,Data from Gabriel Haddad,Data deposited by mjmeehan,M+H-3H2O,355.26300000000003,408.288,1,81254,,C[C@H](CCC(=O)O)[C@H]1CC[C@@H]2[C@@]1([C@H](C[C@H]3[C@H]2[C@@H](C[C@H]4[C@@]3(CC[C@H](C4)O)C)O)O)C,"InChI=1S/C24H40O5/c1-13(4-7-21(28)29)16-5-6-17-22-18(12-20(27)24(16,17)3)23(2)9-8-15(25)10-14(23)11-19(22)26/h13-20,22,25-27H,4-12H2,1-3H3,(H,28,29)/t13-,14+,15-,16-,17+,18+,19-,20+,22+,23+,24-/m1/s1",,3,Positive,UPDATE-SINGLE-ANNOTATED-BRONZE,Bronze,6918,spectra_filtered/specs_ms.mgf,lib-00017.mgf,0.773551,GNPS-NIST14-MATCHES,153600.0,226.924,47.5894,12,0.0169067,355.26300000000003,355.246,1,spectra_filtered/specs_ms.mgf6918,1,,172,16159,BHQCQFFYRZLCQQ-OELDTZBJSA-N,BHQCQFFYRZLCQQ,Lipids and lipid-like molecules,Steroids and steroid derivatives,"Bile acids, alcohols and derivatives",Steroids,Cholane steroids,Terpenoids,Cholic acid
666,CCMSLIB00005465748,"""(R)-4-((8S,9S,10R,13R,14S,17R)-10,13-dimethyl-3-oxo-2,3,8,9,10,11,12,13,14,15,16,17-dodecahydro-1H-cyclopenta[a]phenanthren-17-yl)pentanoic acid""",ESI,qTof,crude,Dorrestein,Emily Gentry,M+H,371.25800000000004,370.251,1,,,C[C@@H]([C@H]1CC[C@]2([H])[C@]1(C)CC[C@@]3([H])[C@@]2([H])C=CC([C@]3(C)CC4)=CC4=O)CCC(O)=O,"""InChI=1S/C24H34O3/c1-15(4-9-22(26)27)19-7-8-20-18-6-5-16-14-17(25)10-12-23(16,2)21(18)11-13-24(19,20)3/h5-6,14-15,18-21H,4,7-13H2,1-3H3,(H,26,27)/t15-,18+,19-,20+,21+,23+,24-/m1/s1""",,1,Positive,UPDATE-SINGLE-ANNOTATED-GOLD,Gold,7381,spectra_filtered/specs_ms.mgf,lib-00023.mgf,0.7690279999999999,BILELIB19,387300.0,320.903,0.575403,13,0.000213623,371.25800000000004,371.258,1,spectra_filtered/specs_ms.mgf7381,1,,0,0,CREVIXFSUWYGRJ-IHMUCKAYSA-N,CREVIXFSUWYGRJ,Lipids and lipid-like molecules,Steroids and steroid derivatives,"Bile acids, alcohols and derivatives",Steroids,Cholestane steroids,Terpenoids,"""(R)-4-((8S,9S,10R,13R,14S,17R)-10,13-dimethyl-3-oxo-2,3,8,9,10,11,12,13,14,15,16,17-dodecahydro-1H-cyclopenta[a]phenanthren-17-yl)pentanoic acid"""
674,CCMSLIB00005464788,"""(R)-4-((3S,5S,7R,8R,9S,10S,13R,14S,17R)-3,7-dihydroxy-10,13-dimethyl-12-oxohexadecahydro-1H-cyclopenta[a]phenanthren-17-yl)pentanoic acid""",ESI,qTof,crude,Dorrestein,Emily Gentry,M-2H2O+H,371.25800000000004,406.272,1,,,C[C@@H]([C@H]1CC[C@]2([H])[C@]1(C)C(C[C@@]3([H])[C@@]2([H])[C@H](O)C[C@@]4([H])[C@]3(C)CC[C@H](O)C4)=O)CCC(O)=O,"""InChI=1S/C24H38O5/c1-13(4-7-21(28)29)16-5-6-17-22-18(12-20(27)24(16,17)3)23(2)9-8-15(25)10-14(23)11-19(22)26/h13-19,22,25-26H,4-12H2,1-3H3,(H,28,29)/t13-,14+,15+,16-,17+,18+,19-,22+,23+,24-/m1/s1""",,1,Positive,UPDATE-SINGLE-ANNOTATED-GOLD,Gold,1712,spectra_filtered/specs_ms.mgf,lib-00023.mgf,0.765853,BILELIB19,817600.0,285.214,1.39741,13,0.000518799,371.25800000000004,371.259,1,spectra_filtered/specs_ms.mgf1712,1,,0,0,MIHNUBCEFJLAGN-MTUXEBOFSA-N,MIHNUBCEFJLAGN,Lipids and lipid-like molecules,Steroids and steroid derivatives,"Bile acids, alcohols and derivatives",Steroids,Cholane steroids,Terpenoids,"""(R)-4-((3S,5S,7R,8R,9S,10S,13R,14S,17R)-3,7-dihydroxy-10,13-dimethyl-12-oxohexadecahydro-1H-cyclopenta[a]phenanthren-17-yl)pentanoic acid"""
679,CCMSLIB00005465758,"""(R)-4-((3S,5S,7R,8R,9S,10S,12S,13R,14S,17R)-3,7,12-trihydroxy-10,13-dimethylhexadecahydro-1H-cyclopenta[a]phenanthren-17-yl)pentanoic acid""",ESI,qTof,crude,Dorrestein,Emily Gentry,M-2H2O+H,373.274,408.288,1,,,C[C@@H]([C@H]1CC[C@]2([H])[C@]1(C)[C@@H](O)C[C@@]3([H])[C@@]2([H])[C@H](O)C[C@@]4([H])[C@]3(C)CC[C@H](O)C4)CCC(O)=O,"""InChI=1S/C24H40O5/c1-13(4-7-21(28)29)16-5-6-17-22-18(12-20(27)24(16,17)3)23(2)9-8-15(25)10-14(23)11-19(22)26/h13-20,22,25-27H,4-12H2,1-3H3,(H,28,29)/t13-,14+,15+,16-,17+,18+,19-,20+,22+,23+,24-/m1/s1""",,1,Positive,UPDATE-SINGLE-ANNOTATED-GOLD,Gold,4723,spectra_filtered/specs_ms.mgf,lib-00023.mgf,0.764597,BILELIB19,2849500.0,228.21400000000003,1.8804,15,0.0007019039999999999,373.274,373.275,1,spectra_filtered/specs_ms.mgf4723,1,,0,0,BHQCQFFYRZLCQQ-UXWVVXDJSA-N,BHQCQFFYRZLCQQ,Lipids and lipid-like molecules,Steroids and steroid derivatives,"Bile acids, alcohols and derivatives",Steroids,Cholane steroids,Terpenoids,"""(R)-4-((3S,5S,7R,8R,9S,10S,12S,13R,14S,17R)-3,7,12-trihydroxy-10,13-dimethylhexadecahydro-1H-cyclopenta[a]phenanthren-17-yl)pentanoic acid"""
701,CCMSLIB00005463904,CHOLATE,ESI,Orbitrap,Commercial,Dorrestein,Kelly Weldon,M-H2O+H,391.284,408.288,1,81-25-4,221493.0,[H][C@@]1(CC[C@@]2([H])[C@]3([H])[C@H](O)C[C@]4([H])C[C@H](O)CC[C@]4(C)[C@@]3([H])C[C@H](O)[C@]12C)[C@H](C)CCC(O)=O,"InChI=1S/C24H40O5/c1-13(4-7-21(28)29)16-5-6-17-22-18(12-20(27)24(16,17)3)23(2)9-8-15(25)10-14(23)11-19(22)26/h13-20,22,25-27H,4-12H2,1-3H3,(H,28,29)/t13-,14+,15-,16-,17+,18+,19-,20+,22+,23+,24-/m1/s1",,1,Positive,UPDATE-SINGLE-ANNOTATED-GOLD,Gold,2081,spectra_filtered/specs_ms.mgf,lib-00029.mgf,0.754753,GNPS-MSMLS,550700.0,228.854,0.545954,13,0.000213623,391.284,391.284,1,spectra_filtered/specs_ms.mgf2081,1,,0,0,BHQCQFFYRZLCQQ-OELDTZBJSA-N,BHQCQFFYRZLCQQ,Lipids and lipid-like molecules,Steroids and steroid derivatives,"Bile acids, alcohols and derivatives",Steroids,Cholane steroids,Terpenoids,CHOLATE
708,CCMSLIB00005464751,"""(R)-4-((5R,8R,9S,10S,13R,14S,17R)-10,13-dimethyl-3-oxohexadecahydro-1H-cyclopenta[a]phenanthren-17-yl)pentanoic acid""",ESI,qTof,crude,Dorrestein,Emily Gentry,M+H,375.289,374.282,1,,,C[C@@H]([C@H]1CC[C@]2([H])[C@]1(C)CC[C@@]3([H])[C@@]2([H])CC[C@@]4([H])[C@]3(C)CCC(C4)=O)CCC(O)=O,"""InChI=1S/C24H38O3/c1-15(4-9-22(26)27)19-7-8-20-18-6-5-16-14-17(25)10-12-23(16,2)21(18)11-13-24(19,20)3/h15-16,18-21H,4-14H2,1-3H3,(H,26,27)/t15-,16-,18+,19-,20+,21+,23+,24-/m1/s1""",,1,Positive,UPDATE-SINGLE-ANNOTATED-GOLD,Gold,6259,spectra_filtered/specs_ms.mgf,lib-00023.mgf,0.75241,BILELIB19,2314000.0,276.449,1.8703,15,0.0007019039999999999,375.289,375.29,1,spectra_filtered/specs_ms.mgf6259,1,,0,0,KIQFUORWRVZTHT-OPTMKGCMSA-N,KIQFUORWRVZTHT,Lipids and lipid-like molecules,Steroids and steroid derivatives,"Bile acids, alcohols and derivatives",Steroids,Cholane steroids,Terpenoids,"""(R)-4-((5R,8R,9S,10S,13R,14S,17R)-10,13-dimethyl-3-oxohexadecahydro-1H-cyclopenta[a]phenanthren-17-yl)pentanoic acid"""
709,CCMSLIB00005464716,"""(4R)-4-((3S,5R,9S,10S,13R,14S,17R)-3-hydroxy-10,13-dimethyl-12-oxohexadecahydro-1H-cyclopenta[a]phenanthren-17-yl)pentanoic acid""",ESI,qTof,crude,Dorrestein,Emily Gentry,M-H2O+H,373.273,390.277,1,,,[H][C@@]([C@@H]([C@@]12C)CC[C@@H]1[C@@H](CCC(O)=O)C)(CC[C@H]3[C@]4(C)CC[C@H](O)C3)[C@@H]4CC2=O,"""InChI=1S/C24H38O4/c1-14(4-9-22(27)28)18-7-8-19-17-6-5-15-12-16(25)10-11-23(15,2)20(17)13-21(26)24(18,19)3/h14-20,25H,4-13H2,1-3H3,(H,27,28)/t14-,15-,16+,17+,18-,19+,20+,23+,24-/m1/s1""",,1,Positive,UPDATE-SINGLE-ANNOTATED-GOLD,Gold,9011,spectra_filtered/specs_ms.mgf,lib-00023.mgf,0.752256,BILELIB19,5566000.0,238.349,6.37702,13,0.00238037,373.273,373.275,1,spectra_filtered/specs_ms.mgf9011,1,,0,0,CVNYHSDFZXHMMJ-KIHIVPLQSA-N,CVNYHSDFZXHMMJ,Lipids and lipid-like molecules,Steroids and steroid derivatives,"Bile acids, alcohols and derivatives",Steroids,Cholane steroids,Terpenoids,"""(4R)-4-((3S,5R,9S,10S,13R,14S,17R)-3-hydroxy-10,13-dimethyl-12-oxohexadecahydro-1H-cyclopenta[a]phenanthren-17-yl)pentanoic acid"""
756,CCMSLIB00005464839,"""(R)-4-((3S,5S,8R,9S,10S,12S,13R,14S,17R)-3,12-dihydroxy-10,13-dimethylhexadecahydro-1H-cyclopenta[a]phenanthren-17-yl)pentanoic acid""",ESI,qTof,crude,Dorrestein,Emily Gentry,M+Na,415.282,392.293,1,,,C[C@@H]([C@H]1CC[C@]2([H])[C@]1(C)[C@@H](O)C[C@@]3([H])[C@@]2([H])CC[C@]4([H])[C@]3(C)CC[C@H](O)C4)CCC(O)=O,"""InChI=1S/C24H40O4/c1-14(4-9-22(27)28)18-7-8-19-17-6-5-15-12-16(25)10-11-23(15,2)20(17)13-21(26)24(18,19)3/h14-21,25-26H,4-13H2,1-3H3,(H,27,28)/t14-,15+,16+,17+,18-,19+,20+,21+,23+,24-/m1/s1""",,1,Positive,UPDATE-SINGLE-ANNOTATED-GOLD,Gold,7589,spectra_filtered/specs_ms.mgf,lib-00023.mgf,0.731603,BILELIB19,165700.0,275.28,0.955323,15,0.000396729,415.282,415.282,1,spectra_filtered/specs_ms.mgf7589,1,,0,0,KXGVEGMKQFWNSR-UPSXFCICSA-N,KXGVEGMKQFWNSR,Lipids and lipid-like molecules,Steroids and steroid derivatives,"Bile acids, alcohols and derivatives",Steroids,Cholane steroids,Terpenoids,"""(R)-4-((3S,5S,8R,9S,10S,12S,13R,14S,17R)-3,12-dihydroxy-10,13-dimethylhexadecahydro-1H-cyclopenta[a]phenanthren-17-yl)pentanoic acid"""
760,CCMSLIB00005464716,"""(4R)-4-((3S,5R,9S,10S,13R,14S,17R)-3-hydroxy-10,13-dimethyl-12-oxohexadecahydro-1H-cyclopenta[a]phenanthren-17-yl)pentanoic acid""",ESI,qTof,crude,Dorrestein,Emily Gentry,M-H2O+H,373.273,390.277,1,,,[H][C@@]([C@@H]([C@@]12C)CC[C@@H]1[C@@H](CCC(O)=O)C)(CC[C@H]3[C@]4(C)CC[C@H](O)C3)[C@@H]4CC2=O,"""InChI=1S/C24H38O4/c1-14(4-9-22(27)28)18-7-8-19-17-6-5-15-12-16(25)10-11-23(15,2)20(17)13-21(26)24(18,19)3/h14-20,25H,4-13H2,1-3H3,(H,27,28)/t14-,15-,16+,17+,18-,19+,20+,23+,24-/m1/s1""",,1,Positive,UPDATE-SINGLE-ANNOTATED-GOLD,Gold,1982,spectra_filtered/specs_ms.mgf,lib-00023.mgf,0.729709,BILELIB19,1402000.0,363.371,1.8804,14,0.0007019039999999999,373.273,373.274,1,spectra_filtered/specs_ms.mgf1982,1,,0,0,CVNYHSDFZXHMMJ-KIHIVPLQSA-N,CVNYHSDFZXHMMJ,Lipids and lipid-like molecules,Steroids and steroid derivatives,"Bile acids, alcohols and derivatives",Steroids,Cholane steroids,Terpenoids,"""(4R)-4-((3S,5R,9S,10S,13R,14S,17R)-3-hydroxy-10,13-dimethyl-12-oxohexadecahydro-1H-cyclopenta[a]phenanthren-17-yl)pentanoic acid"""
775,CCMSLIB00005464715,"""(4R)-4-((3S,5R,9S,10S,13R,14S,17R)-3-hydroxy-10,13-dimethyl-12-oxohexadecahydro-1H-cyclopenta[a]phenanthren-17-yl)pentanoic acid""",ESI,qTof,crude,Dorrestein,Emily Gentry,M+H,391.284,390.277,1,,,[H][C@@]([C@@H]([C@@]12C)CC[C@@H]1[C@@H](CCC(O)=O)C)(CC[C@H]3[C@]4(C)CC[C@H](O)C3)[C@@H]4CC2=O,"""InChI=1S/C24H38O4/c1-14(4-9-22(27)28)18-7-8-19-17-6-5-15-12-16(25)10-11-23(15,2)20(17)13-21(26)24(18,19)3/h14-20,25H,4-13H2,1-3H3,(H,27,28)/t14-,15-,16+,17+,18-,19+,20+,23+,24-/m1/s1""",,1,Positive,UPDATE-SINGLE-ANNOTATED-GOLD,Gold,348,spectra_filtered/specs_ms.mgf,lib-00023.mgf,0.725545,BILELIB19,963300.0,269.975,1.01391,13,0.000396729,391.284,391.284,1,spectra_filtered/specs_ms.mgf348,1,,0,0,CVNYHSDFZXHMMJ-KIHIVPLQSA-N,CVNYHSDFZXHMMJ,Lipids and lipid-like molecules,Steroids and steroid derivatives,"Bile acids, alcohols and derivatives",Steroids,Cholane steroids,Terpenoids,"""(4R)-4-((3S,5R,9S,10S,13R,14S,17R)-3-hydroxy-10,13-dimethyl-12-oxohexadecahydro-1H-cyclopenta[a]phenanthren-17-yl)pentanoic acid"""
808,CCMSLIB00005464715,"""(4R)-4-((3S,5R,9S,10S,13R,14S,17R)-3-hydroxy-10,13-dimethyl-12-oxohexadecahydro-1H-cyclopenta[a]phenanthren-17-yl)pentanoic acid""",ESI,qTof,crude,Dorrestein,Emily Gentry,M+H,391.284,390.277,1,,,[H][C@@]([C@@H]([C@@]12C)CC[C@@H]1[C@@H](CCC(O)=O)C)(CC[C@H]3[C@]4(C)CC[C@H](O)C3)[C@@H]4CC2=O,"""InChI=1S/C24H38O4/c1-14(4-9-22(27)28)18-7-8-19-17-6-5-15-12-16(25)10-11-23(15,2)20(17)13-21(26)24(18,19)3/h14-20,25H,4-13H2,1-3H3,(H,27,28)/t14-,15-,16+,17+,18-,19+,20+,23+,24-/m1/s1""",,1,Positive,UPDATE-SINGLE-ANNOTATED-GOLD,Gold,62,spectra_filtered/specs_ms.mgf,lib-00023.mgf,0.7138220000000001,BILELIB19,528900.0,279.843,1.01391,14,0.000396729,391.284,391.284,1,spectra_filtered/specs_ms.mgf62,1,,0,0,CVNYHSDFZXHMMJ-KIHIVPLQSA-N,CVNYHSDFZXHMMJ,Lipids and lipid-like molecules,Steroids and steroid derivatives,"Bile acids, alcohols and derivatives",Steroids,Cholane steroids,Terpenoids,"""(4R)-4-((3S,5R,9S,10S,13R,14S,17R)-3-hydroxy-10,13-dimethyl-12-oxohexadecahydro-1H-cyclopenta[a]phenanthren-17-yl)pentanoic acid"""
822,CCMSLIB00005465309,"""(3R,5S,7R,8R,9S,10S,12S,13R,14S,17R)-17-((2R,5R)-5,7-dihydroxyheptan-2-yl)-10,13-dimethylhexadecahydro-1H-cyclopenta[a]phenanthrene-3,7,12-triol""",ESI,qTof,crude,Dorrestein,Emily Gentry,M-H2O+H,421.33099999999996,438.335,1,,,O[C@@H](C1)CC[C@@]2(C)[C@]1([H])C[C@@H](O)[C@]3([H])[C@]2([H])C[C@H](O)[C@@]4(C)[C@@]3([H])CC[C@@]4([C@H](C)CC[C@@H](O)CCO)[H],"""InChI=1S/C26H46O5/c1-15(4-5-17(28)9-11-27)19-6-7-20-24-21(14-23(31)26(19,20)3)25(2)10-8-18(29)12-16(25)13-22(24)30/h15-24,27-31H,4-14H2,1-3H3/t15?,16-,17+,18+,19+,20-,21-,22+,23-,24-,25?,26?/m0/s1""",,1,Positive,UPDATE-SINGLE-ANNOTATED-GOLD,Gold,12347,spectra_filtered/specs_ms.mgf,lib-00023.mgf,0.7084199999999999,BILELIB19,1489000.0,268.03,1.44863,14,0.000610352,421.33099999999996,421.332,1,spectra_filtered/specs_ms.mgf12347,1,,0,0,PBXYLMVLLSYZLN-ILLINABOSA-N,PBXYLMVLLSYZLN,Lipids and lipid-like molecules,Steroids and steroid derivatives,"Bile acids, alcohols and derivatives",Steroids,Cholane steroids|Cholestane steroids,Terpenoids,"""(3R,5S,7R,8R,9S,10S,12S,13R,14S,17R)-17-((2R,5R)-5,7-dihydroxyheptan-2-yl)-10,13-dimethylhexadecahydro-1H-cyclopenta[a]phenanthrene-3,7,12-triol"""
826,CCMSLIB00005464716,"""(4R)-4-((3S,5R,9S,10S,13R,14S,17R)-3-hydroxy-10,13-dimethyl-12-oxohexadecahydro-1H-cyclopenta[a]phenanthren-17-yl)pentanoic acid""",ESI,qTof,crude,Dorrestein,Emily Gentry,M-H2O+H,373.273,390.277,1,,,[H][C@@]([C@@H]([C@@]12C)CC[C@@H]1[C@@H](CCC(O)=O)C)(CC[C@H]3[C@]4(C)CC[C@H](O)C3)[C@@H]4CC2=O,"""InChI=1S/C24H38O4/c1-14(4-9-22(27)28)18-7-8-19-17-6-5-15-12-16(25)10-11-23(15,2)20(17)13-21(26)24(18,19)3/h14-20,25H,4-13H2,1-3H3,(H,27,28)/t14-,15-,16+,17+,18-,19+,20+,23+,24-/m1/s1""",,1,Positive,UPDATE-SINGLE-ANNOTATED-GOLD,Gold,8679,spectra_filtered/specs_ms.mgf,lib-00023.mgf,0.707148,BILELIB19,467000.0,368.647,2.61622,14,0.000976562,373.273,373.274,1,spectra_filtered/specs_ms.mgf8679,1,,0,0,CVNYHSDFZXHMMJ-KIHIVPLQSA-N,CVNYHSDFZXHMMJ,Lipids and lipid-like molecules,Steroids and steroid derivatives,"Bile acids, alcohols and derivatives",Steroids,Cholane steroids,Terpenoids,"""(4R)-4-((3S,5R,9S,10S,13R,14S,17R)-3-hydroxy-10,13-dimethyl-12-oxohexadecahydro-1H-cyclopenta[a]phenanthren-17-yl)pentanoic acid"""
827,CCMSLIB00005464893,"""(R)-4-((3S,5S,7S,8R,9S,10S,12R,13R,14S,17R)-3,7,12-trihydroxy-10,13-dimethylhexadecahydro-1H-cyclopenta[a]phenanthren-17-yl)pentanoic acid""",ESI,qTof,crude,Dorrestein,Emily Gentry,M-2H2O+H,373.274,408.288,1,,,C[C@@H]([C@H]1CC[C@]2([H])[C@]1(C)[C@H](O)C[C@@]3([H])[C@@]2([H])[C@@H](O)C[C@@]4([H])[C@]3(C)CC[C@H](O)C4)CCC(O)=O,"""InChI=1S/C24H40O5/c1-13(4-7-21(28)29)16-5-6-17-22-18(12-20(27)24(16,17)3)23(2)9-8-15(25)10-14(23)11-19(22)26/h13-20,22,25-27H,4-12H2,1-3H3,(H,28,29)/t13-,14+,15+,16-,17+,18+,19+,20-,22+,23+,24-/m1/s1""",,1,Positive,UPDATE-SINGLE-ANNOTATED-GOLD,Gold,2789,spectra_filtered/specs_ms.mgf,lib-00023.mgf,0.706584,BILELIB19,452600.0,227.586,4.57836,16,0.00170898,373.274,373.276,1,spectra_filtered/specs_ms.mgf2789,1,,0,0,BHQCQFFYRZLCQQ-SHFFZNEJSA-N,BHQCQFFYRZLCQQ,Lipids and lipid-like molecules,Steroids and steroid derivatives,"Bile acids, alcohols and derivatives",Steroids,Cholane steroids,Terpenoids,"""(R)-4-((3S,5S,7S,8R,9S,10S,12R,13R,14S,17R)-3,7,12-trihydroxy-10,13-dimethylhexadecahydro-1H-cyclopenta[a]phenanthren-17-yl)pentanoic acid"""
830,CCMSLIB00005435507,deoxycholic acid,ESI,Orbitrap,commercial,Dorrestein,A. Jarmusch,M-H2O+H,375.289,392.293,1,201-478-5,,C[C@H](CCC(=O)O)[C@H]1CC[C@@H]2[C@@]1([C@H](C[C@H]3[C@H]2CC[C@H]4[C@@]3(CC[C@H](C4)O)C)O)C,"1S/C24H40O4/c1-14(4-9-22(27)28)18-7-8-19-17-6-5-15-12-16(25)10-11-23(15,2)20(17)13-21(26)24(18,19)3/h14-21,25-26H,4-13H2,1-3H3,(H,27,28)/t14?,15-,16-,17+,18-,19+,20+,21+,23?,24?/m1/s1",,1,Positive,UPDATE-SINGLE-ANNOTATED-GOLD,Gold,9249,spectra_filtered/specs_ms.mgf,lib-00023.mgf,0.7061529999999999,BILELIB19,293400.0,276.349,4.22851,15,0.00158691,375.289,375.291,1,spectra_filtered/specs_ms.mgf9249,1,,0,0,KXGVEGMKQFWNSR-LLQZFEROSA-N,KXGVEGMKQFWNSR,Lipids and lipid-like molecules,Steroids and steroid derivatives,"Bile acids, alcohols and derivatives",Steroids,Cholane steroids,Terpenoids,deoxycholic acid
851,CCMSLIB00005463904,CHOLATE,ESI,Orbitrap,Commercial,Dorrestein,Kelly Weldon,M-H2O+H,391.284,408.288,1,81-25-4,221493.0,[H][C@@]1(CC[C@@]2([H])[C@]3([H])[C@H](O)C[C@]4([H])C[C@H](O)CC[C@]4(C)[C@@]3([H])C[C@H](O)[C@]12C)[C@H](C)CCC(O)=O,"InChI=1S/C24H40O5/c1-13(4-7-21(28)29)16-5-6-17-22-18(12-20(27)24(16,17)3)23(2)9-8-15(25)10-14(23)11-19(22)26/h13-20,22,25-27H,4-12H2,1-3H3,(H,28,29)/t13-,14+,15-,16-,17+,18+,19-,20+,22+,23+,24-/m1/s1",,1,Positive,UPDATE-SINGLE-ANNOTATED-GOLD,Gold,4813,spectra_filtered/specs_ms.mgf,lib-00029.mgf,0.69526,GNPS-MSMLS,493700.0,265.3,1.01391,14,0.000396729,391.284,391.284,1,spectra_filtered/specs_ms.mgf4813,1,,0,0,BHQCQFFYRZLCQQ-OELDTZBJSA-N,BHQCQFFYRZLCQQ,Lipids and lipid-like molecules,Steroids and steroid derivatives,"Bile acids, alcohols and derivatives",Steroids,Cholane steroids,Terpenoids,CHOLATE
852,CCMSLIB00005464934,"""(4R)-4-((3R,5S,7S,9S,10S,12S,13R,14S,17R)-3,7,12-trihydroxy-10,13-dimethylhexadecahydro-1H-cyclopenta[a]phenanthren-17-yl)pentanoic acid""",ESI,qTof,crude,Dorrestein,Emily Gentry,M-H2O+H,391.284,408.288,1,,,[H][C@@]1([C@@H](O)C[C@H]2[C@]3(C)CC[C@@H](O)C2)[C@@H]3C[C@H](O)[C@@]4(C)[C@H]1CC[C@@H]4[C@@H](CCC(O)=O)C,"""InChI=1S/C24H40O5/c1-13(4-7-21(28)29)16-5-6-17-22-18(12-20(27)24(16,17)3)23(2)9-8-15(25)10-14(23)11-19(22)26/h13-20,22,25-27H,4-12H2,1-3H3,(H,28,29)/t13-,14+,15-,16-,17+,18+,19+,20+,22+,23+,24-/m1/s1""",,1,Positive,UPDATE-SINGLE-ANNOTATED-GOLD,Gold,7483,spectra_filtered/specs_ms.mgf,lib-00023.mgf,0.695066,BILELIB19,2041000.0,254.755,1.01391,14,0.000396729,391.284,391.284,1,spectra_filtered/specs_ms.mgf7483,1,,0,0,BHQCQFFYRZLCQQ-UTLSPDKDSA-N,BHQCQFFYRZLCQQ,Lipids and lipid-like molecules,Steroids and steroid derivatives,"Bile acids, alcohols and derivatives",Steroids,Cholane steroids,Terpenoids,"""(4R)-4-((3R,5S,7S,9S,10S,12S,13R,14S,17R)-3,7,12-trihydroxy-10,13-dimethylhexadecahydro-1H-cyclopenta[a]phenanthren-17-yl)pentanoic acid"""
857,CCMSLIB00005464785,"""(R)-4-((3S,5S,7R,8R,9S,10S,13R,14S,17R)-3,7-dihydroxy-10,13-dimethyl-12-oxohexadecahydro-1H-cyclopenta[a]phenanthren-17-yl)pentanoic acid""",ESI,qTof,crude,Dorrestein,Emily Gentry,M+H,407.279,406.272,1,,,C[C@@H]([C@H]1CC[C@]2([H])[C@]1(C)C(C[C@@]3([H])[C@@]2([H])[C@H](O)C[C@@]4([H])[C@]3(C)CC[C@H](O)C4)=O)CCC(O)=O,"""InChI=1S/C24H38O5/c1-13(4-7-21(28)29)16-5-6-17-22-18(12-20(27)24(16,17)3)23(2)9-8-15(25)10-14(23)11-19(22)26/h13-19,22,25-26H,4-12H2,1-3H3,(H,28,29)/t13-,14+,15+,16-,17+,18+,19-,22+,23+,24-/m1/s1""",,1,Positive,UPDATE-SINGLE-ANNOTATED-GOLD,Gold,1043,spectra_filtered/specs_ms.mgf,lib-00023.mgf,0.692126,BILELIB19,138700.0,237.143,0.524513,13,0.000213623,407.279,407.279,1,spectra_filtered/specs_ms.mgf1043,1,,0,0,MIHNUBCEFJLAGN-MTUXEBOFSA-N,MIHNUBCEFJLAGN,Lipids and lipid-like molecules,Steroids and steroid derivatives,"Bile acids, alcohols and derivatives",Steroids,Cholane steroids,Terpenoids,"""(R)-4-((3S,5S,7R,8R,9S,10S,13R,14S,17R)-3,7-dihydroxy-10,13-dimethyl-12-oxohexadecahydro-1H-cyclopenta[a]phenanthren-17-yl)pentanoic acid"""
859,CCMSLIB00005464716,"""(4R)-4-((3S,5R,9S,10S,13R,14S,17R)-3-hydroxy-10,13-dimethyl-12-oxohexadecahydro-1H-cyclopenta[a]phenanthren-17-yl)pentanoic acid""",ESI,qTof,crude,Dorrestein,Emily Gentry,M-H2O+H,373.273,390.277,1,,,[H][C@@]([C@@H]([C@@]12C)CC[C@@H]1[C@@H](CCC(O)=O)C)(CC[C@H]3[C@]4(C)CC[C@H](O)C3)[C@@H]4CC2=O,"""InChI=1S/C24H38O4/c1-14(4-9-22(27)28)18-7-8-19-17-6-5-15-12-16(25)10-11-23(15,2)20(17)13-21(26)24(18,19)3/h14-20,25H,4-13H2,1-3H3,(H,27,28)/t14-,15-,16+,17+,18-,19+,20+,23+,24-/m1/s1""",,1,Positive,UPDATE-SINGLE-ANNOTATED-GOLD,Gold,11833,spectra_filtered/specs_ms.mgf,lib-00023.mgf,0.691742,BILELIB19,1559000.0,279.139,5.31419,13,0.00198364,373.273,373.275,1,spectra_filtered/specs_ms.mgf11833,1,,0,0,CVNYHSDFZXHMMJ-KIHIVPLQSA-N,CVNYHSDFZXHMMJ,Lipids and lipid-like molecules,Steroids and steroid derivatives,"Bile acids, alcohols and derivatives",Steroids,Cholane steroids,Terpenoids,"""(4R)-4-((3S,5R,9S,10S,13R,14S,17R)-3-hydroxy-10,13-dimethyl-12-oxohexadecahydro-1H-cyclopenta[a]phenanthren-17-yl)pentanoic acid"""
861,CCMSLIB00005464751,"""(R)-4-((5R,8R,9S,10S,13R,14S,17R)-10,13-dimethyl-3-oxohexadecahydro-1H-cyclopenta[a]phenanthren-17-yl)pentanoic acid""",ESI,qTof,crude,Dorrestein,Emily Gentry,M+H,375.289,374.282,1,,,C[C@@H]([C@H]1CC[C@]2([H])[C@]1(C)CC[C@@]3([H])[C@@]2([H])CC[C@@]4([H])[C@]3(C)CCC(C4)=O)CCC(O)=O,"""InChI=1S/C24H38O3/c1-15(4-9-22(26)27)19-7-8-20-18-6-5-16-14-17(25)10-12-23(16,2)21(18)11-13-24(19,20)3/h15-16,18-21H,4-14H2,1-3H3,(H,26,27)/t15-,16-,18+,19-,20+,21+,23+,24-/m1/s1""",,1,Positive,UPDATE-SINGLE-ANNOTATED-GOLD,Gold,10168,spectra_filtered/specs_ms.mgf,lib-00023.mgf,0.691144,BILELIB19,104800.0,359.2519999999999,1.30108,12,0.000488281,375.289,375.289,1,spectra_filtered/specs_ms.mgf10168,1,,0,0,KIQFUORWRVZTHT-OPTMKGCMSA-N,KIQFUORWRVZTHT,Lipids and lipid-like molecules,Steroids and steroid derivatives,"Bile acids, alcohols and derivatives",Steroids,Cholane steroids,Terpenoids,"""(R)-4-((5R,8R,9S,10S,13R,14S,17R)-10,13-dimethyl-3-oxohexadecahydro-1H-cyclopenta[a]phenanthren-17-yl)pentanoic acid"""
889,CCMSLIB00006581909,3-oxo-5beta-cholanic acid,LC-ESI,qTof,Commercial,Michael Witting,Michael Witting,[M+H]+,375.289,374.282,1,,,[H][C@]12CC[C@]3([H])[C@]([H])(CC[C@]4(C)[C@]([H])(CC[C@@]34[H])[C@H](C)CCC(O)=O)[C@@]1(C)CCC(=O)C2,"""InChI=1S/C24H38O3/c1-15(4-9-22(26)27)19-7-8-20-18-6-5-16-14-17(25)10-12-23(16,2)21(18)11-13-24(19,20)3/h15-16,18-21H,4-14H2,1-3H3,(H,26,27)/t15-,16-,18+,19-,20+,21+,23+,24-/m1/s1""",KIQFUORWRVZTHT-OPTMKGCMSA-N,1,Positive,UPDATE-SINGLE-ANNOTATED-GOLD,Gold,3281,spectra_filtered/specs_ms.mgf,lib-00002.mgf,0.679996,GNPS-SCIEX-LIBRARY,265300.0,295.842,1.30108,13,0.000488281,375.289,375.289,1,spectra_filtered/specs_ms.mgf3281,1,,0,0,KIQFUORWRVZTHT-OPTMKGCMSA-N,KIQFUORWRVZTHT,Lipids and lipid-like molecules,Steroids and steroid derivatives,"Bile acids, alcohols and derivatives",Steroids,Cholane steroids,Terpenoids,3-oxo-5beta-cholanic acid
898,CCMSLIB00005464718,"""(4R)-4-((3S,5R,9S,10S,13R,14S,17R)-3-hydroxy-10,13-dimethyl-12-oxohexadecahydro-1H-cyclopenta[a]phenanthren-17-yl)pentanoic acid""",ESI,qTof,crude,Dorrestein,Emily Gentry,2M+H,781.561,390.277,1,,,[H][C@@]([C@@H]([C@@]12C)CC[C@@H]1[C@@H](CCC(O)=O)C)(CC[C@H]3[C@]4(C)CC[C@H](O)C3)[C@@H]4CC2=O,"""InChI=1S/C24H38O4/c1-14(4-9-22(27)28)18-7-8-19-17-6-5-15-12-16(25)10-11-23(15,2)20(17)13-21(26)24(18,19)3/h14-20,25H,4-13H2,1-3H3,(H,27,28)/t14-,15-,16+,17+,18-,19+,20+,23+,24-/m1/s1""",,1,Positive,UPDATE-SINGLE-ANNOTATED-GOLD,Gold,9171,spectra_filtered/specs_ms.mgf,lib-00023.mgf,0.676351,BILELIB19,161600.0,279.512,0.546657,11,0.000427246,781.561,781.561,1,spectra_filtered/specs_ms.mgf9171,1,,0,0,CVNYHSDFZXHMMJ-KIHIVPLQSA-N,CVNYHSDFZXHMMJ,Lipids and lipid-like molecules,Steroids and steroid derivatives,"Bile acids, alcohols and derivatives",Steroids,Cholane steroids,Terpenoids,"""(4R)-4-((3S,5R,9S,10S,13R,14S,17R)-3-hydroxy-10,13-dimethyl-12-oxohexadecahydro-1H-cyclopenta[a]phenanthren-17-yl)pentanoic acid"""
902,CCMSLIB00005465758,"""(R)-4-((3S,5S,7R,8R,9S,10S,12S,13R,14S,17R)-3,7,12-trihydroxy-10,13-dimethylhexadecahydro-1H-cyclopenta[a]phenanthren-17-yl)pentanoic acid""",ESI,qTof,crude,Dorrestein,Emily Gentry,M-2H2O+H,373.274,408.288,1,,,C[C@@H]([C@H]1CC[C@]2([H])[C@]1(C)[C@@H](O)C[C@@]3([H])[C@@]2([H])[C@H](O)C[C@@]4([H])[C@]3(C)CC[C@H](O)C4)CCC(O)=O,"""InChI=1S/C24H40O5/c1-13(4-7-21(28)29)16-5-6-17-22-18(12-20(27)24(16,17)3)23(2)9-8-15(25)10-14(23)11-19(22)26/h13-20,22,25-27H,4-12H2,1-3H3,(H,28,29)/t13-,14+,15+,16-,17+,18+,19-,20+,22+,23+,24-/m1/s1""",,1,Positive,UPDATE-SINGLE-ANNOTATED-GOLD,Gold,5987,spectra_filtered/specs_ms.mgf,lib-00023.mgf,0.675535,BILELIB19,1443000.0,210.948,3.7608,14,0.00140381,373.274,373.275,1,spectra_filtered/specs_ms.mgf5987,1,,0,0,BHQCQFFYRZLCQQ-UXWVVXDJSA-N,BHQCQFFYRZLCQQ,Lipids and lipid-like molecules,Steroids and steroid derivatives,"Bile acids, alcohols and derivatives",Steroids,Cholane steroids,Terpenoids,"""(R)-4-((3S,5S,7R,8R,9S,10S,12S,13R,14S,17R)-3,7,12-trihydroxy-10,13-dimethylhexadecahydro-1H-cyclopenta[a]phenanthren-17-yl)pentanoic acid"""
903,CCMSLIB00006581909,3-oxo-5beta-cholanic acid,LC-ESI,qTof,Commercial,Michael Witting,Michael Witting,[M+H]+,375.289,374.282,1,,,[H][C@]12CC[C@]3([H])[C@]([H])(CC[C@]4(C)[C@]([H])(CC[C@@]34[H])[C@H](C)CCC(O)=O)[C@@]1(C)CCC(=O)C2,"""InChI=1S/C24H38O3/c1-15(4-9-22(26)27)19-7-8-20-18-6-5-16-14-17(25)10-12-23(16,2)21(18)11-13-24(19,20)3/h15-16,18-21H,4-14H2,1-3H3,(H,26,27)/t15-,16-,18+,19-,20+,21+,23+,24-/m1/s1""",KIQFUORWRVZTHT-OPTMKGCMSA-N,1,Positive,UPDATE-SINGLE-ANNOTATED-GOLD,Gold,9546,spectra_filtered/specs_ms.mgf,lib-00002.mgf,0.674222,GNPS-SCIEX-LIBRARY,365900.0,253.206,1.8703,13,0.0007019039999999999,375.289,375.29,1,spectra_filtered/specs_ms.mgf9546,1,,0,0,KIQFUORWRVZTHT-OPTMKGCMSA-N,KIQFUORWRVZTHT,Lipids and lipid-like molecules,Steroids and steroid derivatives,"Bile acids, alcohols and derivatives",Steroids,Cholane steroids,Terpenoids,3-oxo-5beta-cholanic acid
907,CCMSLIB00005464717,"""(4R)-4-((3S,5R,9S,10S,13R,14S,17R)-3-hydroxy-10,13-dimethyl-12-oxohexadecahydro-1H-cyclopenta[a]phenanthren-17-yl)pentanoic acid""",ESI,qTof,crude,Dorrestein,Emily Gentry,M-2H2O+H,355.26300000000003,390.277,1,,,[H][C@@]([C@@H]([C@@]12C)CC[C@@H]1[C@@H](CCC(O)=O)C)(CC[C@H]3[C@]4(C)CC[C@H](O)C3)[C@@H]4CC2=O,"""InChI=1S/C24H38O4/c1-14(4-9-22(27)28)18-7-8-19-17-6-5-15-12-16(25)10-11-23(15,2)20(17)13-21(26)24(18,19)3/h14-20,25H,4-13H2,1-3H3,(H,27,28)/t14-,15-,16+,17+,18-,19+,20+,23+,24-/m1/s1""",,1,Positive,UPDATE-SINGLE-ANNOTATED-GOLD,Gold,13871,spectra_filtered/specs_ms.mgf,lib-00023.mgf,0.673473,BILELIB19,376000.0,370.6880000000001,2.2334400000000003,12,0.000793457,355.26300000000003,355.26199999999994,1,spectra_filtered/specs_ms.mgf13871,1,,0,0,CVNYHSDFZXHMMJ-KIHIVPLQSA-N,CVNYHSDFZXHMMJ,Lipids and lipid-like molecules,Steroids and steroid derivatives,"Bile acids, alcohols and derivatives",Steroids,Cholane steroids,Terpenoids,"""(4R)-4-((3S,5R,9S,10S,13R,14S,17R)-3-hydroxy-10,13-dimethyl-12-oxohexadecahydro-1H-cyclopenta[a]phenanthren-17-yl)pentanoic acid"""
908,CCMSLIB00005464717,"""(4R)-4-((3S,5R,9S,10S,13R,14S,17R)-3-hydroxy-10,13-dimethyl-12-oxohexadecahydro-1H-cyclopenta[a]phenanthren-17-yl)pentanoic acid""",ESI,qTof,crude,Dorrestein,Emily Gentry,M-2H2O+H,355.26300000000003,390.277,1,,,[H][C@@]([C@@H]([C@@]12C)CC[C@@H]1[C@@H](CCC(O)=O)C)(CC[C@H]3[C@]4(C)CC[C@H](O)C3)[C@@H]4CC2=O,"""InChI=1S/C24H38O4/c1-14(4-9-22(27)28)18-7-8-19-17-6-5-15-12-16(25)10-11-23(15,2)20(17)13-21(26)24(18,19)3/h14-20,25H,4-13H2,1-3H3,(H,27,28)/t14-,15-,16+,17+,18-,19+,20+,23+,24-/m1/s1""",,1,Positive,UPDATE-SINGLE-ANNOTATED-GOLD,Gold,8555,spectra_filtered/specs_ms.mgf,lib-00023.mgf,0.673473,BILELIB19,376000.0,363.358,1.37442,12,0.000488281,355.26300000000003,355.2630000000001,1,spectra_filtered/specs_ms.mgf8555,1,,0,0,CVNYHSDFZXHMMJ-KIHIVPLQSA-N,CVNYHSDFZXHMMJ,Lipids and lipid-like molecules,Steroids and steroid derivatives,"Bile acids, alcohols and derivatives",Steroids,Cholane steroids,Terpenoids,"""(4R)-4-((3S,5R,9S,10S,13R,14S,17R)-3-hydroxy-10,13-dimethyl-12-oxohexadecahydro-1H-cyclopenta[a]phenanthren-17-yl)pentanoic acid"""
948,CCMSLIB00005464716,"""(4R)-4-((3S,5R,9S,10S,13R,14S,17R)-3-hydroxy-10,13-dimethyl-12-oxohexadecahydro-1H-cyclopenta[a]phenanthren-17-yl)pentanoic acid""",ESI,qTof,crude,Dorrestein,Emily Gentry,M-H2O+H,373.273,390.277,1,,,[H][C@@]([C@@H]([C@@]12C)CC[C@@H]1[C@@H](CCC(O)=O)C)(CC[C@H]3[C@]4(C)CC[C@H](O)C3)[C@@H]4CC2=O,"""InChI=1S/C24H38O4/c1-14(4-9-22(27)28)18-7-8-19-17-6-5-15-12-16(25)10-11-23(15,2)20(17)13-21(26)24(18,19)3/h14-20,25H,4-13H2,1-3H3,(H,27,28)/t14-,15-,16+,17+,18-,19+,20+,23+,24-/m1/s1""",,1,Positive,UPDATE-SINGLE-ANNOTATED-GOLD,Gold,541,spectra_filtered/specs_ms.mgf,lib-00023.mgf,0.655399,BILELIB19,8874000.0,279.79900000000004,2.9432400000000003,12,0.00109863,373.273,373.274,1,spectra_filtered/specs_ms.mgf541,1,,0,0,CVNYHSDFZXHMMJ-KIHIVPLQSA-N,CVNYHSDFZXHMMJ,Lipids and lipid-like molecules,Steroids and steroid derivatives,"Bile acids, alcohols and derivatives",Steroids,Cholane steroids,Terpenoids,"""(4R)-4-((3S,5R,9S,10S,13R,14S,17R)-3-hydroxy-10,13-dimethyl-12-oxohexadecahydro-1H-cyclopenta[a]phenanthren-17-yl)pentanoic acid"""
949,CCMSLIB00005465139,"""(4R)-4-((3S,5S,7S,9S,10S,13R,14S,17R)-3,7-dihydroxy-10,13-dimethyl-12-oxohexadecahydro-1H-cyclopenta[a]phenanthren-17-yl)pentanoic acid""",ESI,qTof,crude,Dorrestein,Emily Gentry,M-H2O+H,389.26800000000003,406.272,1,,,O[C@H]1CC[C@@]2(C)[C@H](C[C@H](O)[C@]([C@H]3[C@@]4(C)[C@@H]([C@H](C)CCC(O)=O)CC3)([H])[C@@H]2CC4=O)C1,"""InChI=1S/C24H38O5/c1-13(4-7-21(28)29)16-5-6-17-22-18(12-20(27)24(16,17)3)23(2)9-8-15(25)10-14(23)11-19(22)26/h13-19,22,25-26H,4-12H2,1-3H3,(H,28,29)/t13-,14+,15+,16-,17+,18+,19+,22+,23+,24-/m1/s1""",,1,Positive,UPDATE-SINGLE-ANNOTATED-GOLD,Gold,910,spectra_filtered/specs_ms.mgf,lib-00023.mgf,0.6552640000000001,BILELIB19,18111000.0,285.231,2.58711,10,0.00100708,389.26800000000003,389.269,1,spectra_filtered/specs_ms.mgf910,1,,0,0,MIHNUBCEFJLAGN-BENKZWDNSA-N,MIHNUBCEFJLAGN,Lipids and lipid-like molecules,Steroids and steroid derivatives,"Bile acids, alcohols and derivatives",Steroids,Cholane steroids,Terpenoids,"""(4R)-4-((3S,5S,7S,9S,10S,13R,14S,17R)-3,7-dihydroxy-10,13-dimethyl-12-oxohexadecahydro-1H-cyclopenta[a]phenanthren-17-yl)pentanoic acid"""
952,CCMSLIB00005788126,Choldienic acid putative,LC-ESI,Orbitrap,Crude,Dorrestein,lfnothias,M+H,373.273,0.0,1, , ,CC(C1CCC2C1(C)C=CC3C2C=CC4C3(C)CCC(O)C4)CCC(O)=O, , ,3,Positive,UPDATE-SINGLE-ANNOTATED-BRONZE,Bronze,5075,spectra_filtered/specs_ms.mgf,lib-00042.mgf,0.654297,GNPS-LIBRARY,7756000.0,254.723,5.31419,15,0.00198364,373.273,373.275,1,spectra_filtered/specs_ms.mgf5075,1,,0,0,UGOMTIBMXXAAHQ-UHFFFAOYSA-N,UGOMTIBMXXAAHQ,Lipids and lipid-like molecules,Steroids and steroid derivatives,"Bile acids, alcohols and derivatives",,,,Choldienic acid
986,CCMSLIB00005464716,"""(4R)-4-((3S,5R,9S,10S,13R,14S,17R)-3-hydroxy-10,13-dimethyl-12-oxohexadecahydro-1H-cyclopenta[a]phenanthren-17-yl)pentanoic acid""",ESI,qTof,crude,Dorrestein,Emily Gentry,M-H2O+H,373.273,390.277,1,,,[H][C@@]([C@@H]([C@@]12C)CC[C@@H]1[C@@H](CCC(O)=O)C)(CC[C@H]3[C@]4(C)CC[C@H](O)C3)[C@@H]4CC2=O,"""InChI=1S/C24H38O4/c1-14(4-9-22(27)28)18-7-8-19-17-6-5-15-12-16(25)10-11-23(15,2)20(17)13-21(26)24(18,19)3/h14-20,25H,4-13H2,1-3H3,(H,27,28)/t14-,15-,16+,17+,18-,19+,20+,23+,24-/m1/s1""",,1,Positive,UPDATE-SINGLE-ANNOTATED-GOLD,Gold,6360,spectra_filtered/specs_ms.mgf,lib-00023.mgf,0.639053,BILELIB19,104600.0,288.2940000000001,4.25135,12,0.00158691,373.273,373.275,1,spectra_filtered/specs_ms.mgf6360,1,,0,0,CVNYHSDFZXHMMJ-KIHIVPLQSA-N,CVNYHSDFZXHMMJ,Lipids and lipid-like molecules,Steroids and steroid derivatives,"Bile acids, alcohols and derivatives",Steroids,Cholane steroids,Terpenoids,"""(4R)-4-((3S,5R,9S,10S,13R,14S,17R)-3-hydroxy-10,13-dimethyl-12-oxohexadecahydro-1H-cyclopenta[a]phenanthren-17-yl)pentanoic acid"""
999,CCMSLIB00003136615,Spectral Match to Cholic acid from NIST14,ESI,QqQ,Isolated,Data from Christopher A. Lowry,Data deposited by fevargas,M+H-3H2O,355.26300000000003,0.0,1,81254,,,,,3,Positive,UPDATE-SINGLE-ANNOTATED-BRONZE,Bronze,4858,spectra_filtered/specs_ms.mgf,lib-00017.mgf,0.6347520000000001,GNPS-NIST14-MATCHES,1123800.0,298.841,1.37442,10,0.000488281,355.26300000000003,355.2630000000001,1,spectra_filtered/specs_ms.mgf4858,1,,172,16159,,,,,,,,,Cholic acid
1014,CCMSLIB00006581909,3-oxo-5beta-cholanic acid,LC-ESI,qTof,Commercial,Michael Witting,Michael Witting,[M+H]+,375.289,374.282,1,,,[H][C@]12CC[C@]3([H])[C@]([H])(CC[C@]4(C)[C@]([H])(CC[C@@]34[H])[C@H](C)CCC(O)=O)[C@@]1(C)CCC(=O)C2,"""InChI=1S/C24H38O3/c1-15(4-9-22(26)27)19-7-8-20-18-6-5-16-14-17(25)10-12-23(16,2)21(18)11-13-24(19,20)3/h15-16,18-21H,4-14H2,1-3H3,(H,26,27)/t15-,16-,18+,19-,20+,21+,23+,24-/m1/s1""",KIQFUORWRVZTHT-OPTMKGCMSA-N,1,Positive,UPDATE-SINGLE-ANNOTATED-GOLD,Gold,7575,spectra_filtered/specs_ms.mgf,lib-00002.mgf,0.629808,GNPS-SCIEX-LIBRARY,236600.0,265.755,1.62635,13,0.000610352,375.289,375.29,1,spectra_filtered/specs_ms.mgf7575,1,,0,0,KIQFUORWRVZTHT-OPTMKGCMSA-N,KIQFUORWRVZTHT,Lipids and lipid-like molecules,Steroids and steroid derivatives,"Bile acids, alcohols and derivatives",Steroids,Cholane steroids,Terpenoids,3-oxo-5beta-cholanic acid
1018,CCMSLIB00005435542,hyocholic acid,ESI,Orbitrap,commercial,Dorrestein,A. Jarmusch,M-2H2O+H,373.275,408.288,1,547-75-1,,C[C@H](CCC(=O)O)[C@H]1CC[C@@H]2[C@@]1(CC[C@H]3[C@H]2[C@@H]([C@@H]([C@H]4[C@@]3(CC[C@H](C4)O)C)O)O)C,"1S/C24H40O5/c1-13(4-7-19(26)27)15-5-6-16-20-17(9-11-23(15,16)2)24(3)10-8-14(25)12-18(24)21(28)22(20)29/h13-18,20-22,25,28-29H,4-12H2,1-3H3,(H,26,27)/t13?,14-,15-,16+,17+,18+,20+,21-,22+,23?,24?/m1/s1",,1,Positive,UPDATE-SINGLE-ANNOTATED-GOLD,Gold,4370,spectra_filtered/specs_ms.mgf,lib-00023.mgf,0.627394,BILELIB19,2384000.0,298.956,2.94323,13,0.00109863,373.275,373.274,1,spectra_filtered/specs_ms.mgf4370,1,,0,0,DKPMWHFRUGMUKF-KWXDGCAGSA-N,DKPMWHFRUGMUKF,Lipids and lipid-like molecules,Steroids and steroid derivatives,"Bile acids, alcohols and derivatives",Steroids,Cholane steroids,Terpenoids,hyocholic acid
1038,CCMSLIB00005465139,"""(4R)-4-((3S,5S,7S,9S,10S,13R,14S,17R)-3,7-dihydroxy-10,13-dimethyl-12-oxohexadecahydro-1H-cyclopenta[a]phenanthren-17-yl)pentanoic acid""",ESI,qTof,crude,Dorrestein,Emily Gentry,M-H2O+H,389.26800000000003,406.272,1,,,O[C@H]1CC[C@@]2(C)[C@H](C[C@H](O)[C@]([C@H]3[C@@]4(C)[C@@H]([C@H](C)CCC(O)=O)CC3)([H])[C@@H]2CC4=O)C1,"""InChI=1S/C24H38O5/c1-13(4-7-21(28)29)16-5-6-17-22-18(12-20(27)24(16,17)3)23(2)9-8-15(25)10-14(23)11-19(22)26/h13-19,22,25-26H,4-12H2,1-3H3,(H,28,29)/t13-,14+,15+,16-,17+,18+,19+,22+,23+,24-/m1/s1""",,1,Positive,UPDATE-SINGLE-ANNOTATED-GOLD,Gold,7723,spectra_filtered/specs_ms.mgf,lib-00023.mgf,0.6163930000000001,BILELIB19,570200.0,236.72,5.40942,10,0.00210571,389.26800000000003,389.27,1,spectra_filtered/specs_ms.mgf7723,1,,0,0,MIHNUBCEFJLAGN-BENKZWDNSA-N,MIHNUBCEFJLAGN,Lipids and lipid-like molecules,Steroids and steroid derivatives,"Bile acids, alcohols and derivatives",Steroids,Cholane steroids,Terpenoids,"""(4R)-4-((3S,5S,7S,9S,10S,13R,14S,17R)-3,7-dihydroxy-10,13-dimethyl-12-oxohexadecahydro-1H-cyclopenta[a]phenanthren-17-yl)pentanoic acid"""
1046,CCMSLIB00003137151,Spectral Match to Cholic acid from NIST14,ESI,QQQ,Isolated,Data from Joshua Wollam,Data deposited by fevargas,M+NH4,426.32099999999997,408.288,1,81254,,C[C@H](CCC(=O)O)[C@H]1CC[C@@H]2[C@@]1([C@H](C[C@H]3[C@H]2[C@@H](C[C@H]4[C@@]3(CC[C@H](C4)O)C)O)O)C,"InChI=1S/C24H40O5/c1-13(4-7-21(28)29)16-5-6-17-22-18(12-20(27)24(16,17)3)23(2)9-8-15(25)10-14(23)11-19(22)26/h13-20,22,25-27H,4-12H2,1-3H3,(H,28,29)/t13-,14+,15-,16-,17+,18+,19-,20+,22+,23+,24-/m1/s1",,3,Positive,UPDATE-SINGLE-ANNOTATED-BRONZE,Bronze,6310,spectra_filtered/specs_ms.mgf,lib-00017.mgf,0.612116,GNPS-NIST14-MATCHES,302600.0,236.229,1.36009,13,0.000579834,426.32099999999997,426.322,1,spectra_filtered/specs_ms.mgf6310,1,,172,16159,BHQCQFFYRZLCQQ-OELDTZBJSA-N,BHQCQFFYRZLCQQ,Lipids and lipid-like molecules,Steroids and steroid derivatives,"Bile acids, alcohols and derivatives",Steroids,Cholane steroids,Terpenoids,Cholic acid
1063,CCMSLIB00005465702,"""(R)-4-((3R,5R,6R,7R,8R,9S,10R,12S,13R,14S,17R)-3,6,7,12-tetrahydroxy-10,13-dimethylhexadecahydro-1H-cyclopenta[a]phenanthren-17-yl)pentanoic acid""",ESI,qTof,crude,Dorrestein,Emily Gentry,M-2H2O+H,389.269,424.283,1,,,C[C@@H]([C@H]1CC[C@]2([H])[C@]1(C)[C@@H](O)C[C@@]3([H])[C@@]2([H])[C@@H](O)[C@H](O)[C@@]4([H])[C@]3(C)CC[C@@H](O)C4)CCC(O)=O,"""InChI=1S/C24H40O6/c1-12(4-7-19(27)28)14-5-6-15-20-16(11-18(26)24(14,15)3)23(2)9-8-13(25)10-17(23)21(29)22(20)30/h12-18,20-22,25-26,29-30H,4-11H2,1-3H3,(H,27,28)/t12-,13-,14-,15+,16+,17+,18+,20+,21-,22-,23-,24-/m1/s1""",,1,Positive,UPDATE-SINGLE-ANNOTATED-GOLD,Gold,7510,spectra_filtered/specs_ms.mgf,lib-00023.mgf,0.604924,BILELIB19,521700.0,241.52,2.50871,13,0.000976562,389.269,389.27,1,spectra_filtered/specs_ms.mgf7510,1,,0,0,COCMFMBNEAMQMA-FOKRCTQASA-N,COCMFMBNEAMQMA,Lipids and lipid-like molecules,Steroids and steroid derivatives,"Bile acids, alcohols and derivatives",Steroids,Cholane steroids,Terpenoids,"""(R)-4-((3R,5R,6R,7R,8R,9S,10R,12S,13R,14S,17R)-3,6,7,12-tetrahydroxy-10,13-dimethylhexadecahydro-1H-cyclopenta[a]phenanthren-17-yl)pentanoic acid"""
